{
	"1горячая клавиша": {
		   "1": {
		        "size": 0.2,
				"color": { "red": 255, "green": 0, "blue": 0, "alpha": 128  },
				"state": 1,
				"pattern": [ 50, 50, 50, 50, 50, 300  ]
			},
	
			"2": {
				"size": 0.2,
				"color": { "red": 255, "green": 0, "blue": 0, "alpha": 128 },
				"state": 1,
				"pattern": [ 50, 50, 50, 50, 50, 300  ]
			},
	
			"3": {
				"size": 0.2,
				"color": { "red": 255, "green": 0, "blue": 0, "alpha": 128 },
				"state": 1,
				"pattern": [ 50, 50, 50, 50, 50, 300  ]
			},
	
			"4": {
				"size": 0.2,
				"color": { "red": 255, "green": 0, "blue": 0, "alpha": 128 },
				"state": 1,
				"pattern": [ 50, 50, 50, 50, 50, 300  ]
			},
	
			"5": {
				"size": 0.2,
				"color": { "red": 255, "green": 0, "blue": 0, "alpha": 128  },
				"state": 1,
				"pattern": [ 50, 50, 50, 50, 50, 300  ]
			},
	
			"6": {
				"size": 0.2,
				"color": { "red": 255, "green": 0, "blue": 0, "alpha": 128 },
				"state": 1,
				"pattern": [ 50, 50, 50, 50, 50, 300  ]
			},
	
			"7": {
				"size": 0.2,
				"color": { "red": 255, "green": 0, "blue": 0, "alpha": 128 },
				"state": 1,
				"pattern": [ 50, 50, 50, 50, 50, 300  ]
			},
	
			"8": {
				"size": 0.2,
				"color": { "red": 255, "green": 0, "blue": 0, "alpha": 128 },
				"state": 1,
				"pattern": [ 50, 50, 50, 50, 50, 300  ]
			},
	
			"9": {
				"size": 0.2,
				"color": { "red": 255, "green": 0, "blue": 0, "alpha": 128  },
				"state": 1,
				"pattern": [ 50, 50, 50, 50, 50, 300  ]
			},
	
			"10": {
				"size": 0.2,
				"color": { "red": 255, "green": 0, "blue": 0, "alpha": 128 },
				"state": 1,
				"pattern": [ 50, 50, 50, 50, 50, 300  ]
			},
	
			"11": {
				"size": 0.2,
				"color": { "red": 255, "green": 0, "blue": 0, "alpha": 128 },
				"state": 1,
				"pattern": [ 50, 50, 50, 50, 50, 300  ]
			},
	
			"12": {
				"size": 0.2,
				"color": { "red": 255, "green": 0, "blue": 0, "alpha": 128 },
				"state": 1,
				"pattern": [ 50, 50, 50, 50, 50, 300  ]
			},
			
			"13": {
				"size": 0.2,
				"color": { "red": 255, "green": 0, "blue": 0, "alpha": 128  },
				"state": 0,
				"pattern": [ 300, 50, 50, 50, 50, 50  ]
			},
	
			"14": {
				"size": 0.2,
				"color": { "red": 255, "green": 0, "blue": 0, "alpha": 128 },
				"state": 0,
				"pattern": [ 300, 50, 50, 50, 50, 50  ]
			},
	
			"15": {
				"size": 0.2,
				"color": { "red": 255, "green": 0, "blue": 0, "alpha": 128 },
				"state": 0,
				"pattern": [ 300, 50, 50, 50, 50, 50  ]
			},
	
			"16": {
				"size": 0.2,
				"color": { "red": 255, "green": 0, "blue": 0, "alpha": 128 },
				"state": 0,
				"pattern": [ 300, 50, 50, 50, 50, 50  ]
			},
	
			"17": {
				"size": 0.2,
				"color": { "red": 255, "green": 0, "blue": 0, "alpha": 128  },
				"state": 0,
				"pattern": [ 300, 50, 50, 50, 50, 50  ]
			},
	
			"18": {
				"size": 0.2,
				"color": { "red": 255, "green": 0, "blue": 0, "alpha": 128 },
				"state": 0,
				"pattern": [ 300, 50, 50, 50, 50, 50  ]
			},
	
			"19": {
				"size": 0.2,
				"color": { "red": 255, "green": 0, "blue": 0, "alpha": 128 },
				"state": 0,
				"pattern": [ 300, 50, 50, 50, 50, 50  ]
			},
	
			"20": {
				"size": 0.2,
				"color": { "red": 255, "green": 0, "blue": 0, "alpha": 128 },
				"state": 0,
				"pattern": [ 300, 50, 50, 50, 50, 50  ]
			},
	
			"21": {
				"size": 0.2,
				"color": { "red": 255, "green": 0, "blue": 0, "alpha": 128  },
				"state": 0,
				"pattern": [ 300, 50, 50, 50, 50, 50  ]
			},
	
			"22": {
				"size": 0.2,
				"color": { "red": 255, "green": 0, "blue": 0, "alpha": 128 },
				"state": 0,
				"pattern": [ 300, 50, 50, 50, 50, 50  ]
			},
	
			"23": {
				"size": 0.2,
				"color": { "red": 255, "green": 0, "blue": 0, "alpha": 128 },
				"state": 0,
				"pattern": [ 300, 50, 50, 50, 50, 50  ]
			},
	
			"24": {
				"size": 0.2,
				"color": { "red": 255, "green": 0, "blue": 0, "alpha": 128 },
				"state": 0,
				"pattern": [ 300, 50, 50, 50, 50, 50  ]
			},
	
			"25": {
				"size": 0.2,
				"color": { "red": 2, "green": 96, "blue": 255, "alpha": 128 },
				"state": 1,
				"pattern": [ 50, 50, 50, 50, 50, 300  ]
			},
	
			"26": {
				"size": 0.2,
				"color": { "red": 2, "green": 96, "blue": 255, "alpha": 128 },
				"state": 1,
				"pattern": [ 50, 50, 50, 50, 50, 300  ]
			},
	
			"27": {
				"size": 0.2,
				"color": {  "red": 2, "green": 96, "blue": 255, "alpha": 128 },
				"state": 1,
				"pattern": [ 50, 50, 50, 50, 50, 300  ]
			},
	
			"28": {
				"size": 0.2,
				"color": {  "red": 2, "green": 96, "blue": 255, "alpha": 128 },
				"state": 1,
				"pattern": [ 50, 50, 50, 50, 50, 300  ]
			},
			
			"29": {
				"size": 0.2,
				"color": {  "red": 2, "green": 96, "blue": 255, "alpha": 128 },
				"state": 1,
				"pattern": [ 50, 50, 50, 50, 50, 300  ]
			},
	
			"30": {
				"size": 0.2,
				"color": {  "red": 2, "green": 96, "blue": 255, "alpha": 128 },
				"state": 1,
				"pattern": [ 50, 50, 50, 50, 50, 300  ]
			},
	
			"31": {
				"size": 0.2,
				"color": {  "red": 2, "green": 96, "blue": 255, "alpha": 128 },
				"state": 1,
				"pattern": [ 50, 50, 50, 50, 50, 300  ]
			},
	
			"32": {
				"size": 0.2,
				"color": {  "red": 2, "green": 96, "blue": 255, "alpha": 128 },
				"state": 1,
				"pattern": [ 50, 50, 50, 50, 50, 300  ]
			},
	
			"33": {
				"size": 0.2,
				"color": {  "red": 2, "green": 96, "blue": 255, "alpha": 128 },
				"state": 1,
				"pattern": [ 50, 50, 50, 50, 50, 300  ]
			},
	
			"34": {
				"size": 0.2,
				"color": {  "red": 2, "green": 96, "blue": 255, "alpha": 128 },
				"state": 1,
				"pattern": [ 50, 50, 50, 50, 50, 300  ]
			},
	
			"35": {
				"size": 0.2,
				"color": {  "red": 2, "green": 96, "blue": 255, "alpha": 128 },
				"state": 1,
				"pattern": [ 50, 50, 50, 50, 50, 300  ]
			},
	
			"36": {
				"size": 0.2,
				"color": {  "red": 2, "green": 96, "blue": 255, "alpha": 128 },
				"state": 1,
				"pattern": [ 50, 50, 50, 50, 50, 300  ]
			},
	
			"37": {
				"size": 0.2,
				"color": {  "red": 2, "green": 96, "blue": 255, "alpha": 128  },
				"state": 0,
				"pattern": [ 300, 50, 50, 50, 50, 50  ]
			},
	
			"38": {
				"size": 0.2,
				"color": {  "red": 2, "green": 96, "blue": 255, "alpha": 128 },
				"state": 0,
				"pattern": [ 300, 50, 50, 50, 50, 50  ]
			},
	
			"39": {
				"size": 0.2,
				"color": {  "red": 2, "green": 96, "blue": 255, "alpha": 128 },
				"state": 0,
				"pattern": [ 300, 50, 50, 50, 50, 50  ]
			},
	
			"40": {
				"size": 0.2,
				"color": {  "red": 2, "green": 96, "blue": 255, "alpha": 128 },
				"state": 0,
				"pattern": [ 300, 50, 50, 50, 50, 50  ]
			},
	
			"41": {
				"size": 0.2,
				"color": {  "red": 2, "green": 96, "blue": 255, "alpha": 128 },
				"state": 0,
				"pattern": [ 300, 50, 50, 50, 50, 50  ]
			},
	
			"42": {
				"size": 0.2,
				"color": {  "red": 2, "green": 96, "blue": 255, "alpha": 128 },
				"state": 0,
				"pattern": [ 300, 50, 50, 50, 50, 50  ]
			},
	
			"43": {
				"size": 0.2,
				"color": { "red": 2, "green": 96, "blue": 255, "alpha": 128 },
				"state": 0,
				"pattern": [ 300, 50, 50, 50, 50, 50  ]
			},
	
			"44": {
				"size": 0.2,
				"color": {  "red": 2, "green": 96, "blue": 255, "alpha": 128 },
				"state": 0,
				"pattern": [ 300, 50, 50, 50, 50, 50  ]
			},
			
			"45": {
				"size": 0.2,
				"color": {  "red": 2, "green": 96, "blue": 255, "alpha": 128 },
				"state": 0,
				"pattern": [ 300, 50, 50, 50, 50, 50  ]
			},
	
			"46": {
				"size": 0.2,
				"color": {  "red": 2, "green": 96, "blue": 255, "alpha": 128 },
				"state": 0,
				"pattern": [ 300, 50, 50, 50, 50, 50  ]
			},
	
			"47": {
				"size": 0.2,
				"color": {  "red": 2, "green": 96, "blue": 255, "alpha": 128 },
				"state": 0,
				"pattern": [ 300, 50, 50, 50, 50, 50  ]
			},
	
			"48": {
				"size": 0.2,
				"color": {  "red": 2, "green": 96, "blue": 255, "alpha": 128 },
				"state": 0,
				"pattern": [ 300, 50, 50, 50, 50, 50  ]
			}
		},
			"3вперед-назад": {
				"1": {
				"size": 0.2,
				"color": { "red": 255, "green": 0, "blue": 0, "alpha": 128  },
				"state": 1,
				"pattern": [ 50, 50, 50, 50, 50, 300 ]
				},
		
				"2": {
				"size": 0.2,
				"color": { "red": 255, "green": 0, "blue": 0, "alpha": 128 },
				"state": 1,
				"pattern": [ 50, 50, 50, 50, 50, 300 ]
				},
		
				"3": {
				"size": 0.2,
				"color": { "red": 255, "green": 0, "blue": 0, "alpha": 128 },
				"state": 1,
				"pattern": [ 50, 50, 50, 50, 50, 300 ]
				},
		
				"4": {
				"size": 0.2,
				"color": { "red": 255, "green": 0, "blue": 0, "alpha": 128 },
				"state": 1,
				"pattern": [ 50, 50, 50, 50, 50, 300 ]
				},
		
				"5": {
				"size": 0.2,
				"color": { "red": 255, "green": 0, "blue": 0, "alpha": 128  },
				"state": 1,
				"pattern": [ 50, 50, 50, 50, 50, 300 ]
				},
		
				"6": {
				"size": 0.2,
				"color": { "red": 255, "green": 0, "blue": 0, "alpha": 128 },
				"state": 1,
				"pattern": [ 50, 50, 50, 50, 50, 300 ]
				},
		
				"7": {
				"size": 0.2,
				"color": { "red": 255, "green": 0, "blue": 0, "alpha": 128 },
				"state": 1,
				"pattern": [ 50, 50, 50, 50, 50, 300 ]
				},
		
				"8": {
				"size": 0.2,
				"color": { "red": 255, "green": 0, "blue": 0, "alpha": 128 },
				"state": 1,
				"pattern": [ 50, 50, 50, 50, 50, 300 ]
				},
		
				"9": {
				"size": 0.2,
				"color": { "red": 255, "green": 0, "blue": 0, "alpha": 128  },
				"state": 1,
				"pattern": [ 50, 50, 50, 50, 50, 300 ]
				},
		
				"10": {
				"size": 0.2,
				"color": { "red": 255, "green": 0, "blue": 0, "alpha": 128 },
				"state": 1,
				"pattern": [ 50, 50, 50, 50, 50, 300 ]
				},
		
				"11": {
				"size": 0.2,
				"color": { "red": 255, "green": 0, "blue": 0, "alpha": 128 },
				"state": 1,
				"pattern": [ 50, 50, 50, 50, 50, 300 ]
				},
		
				"12": {
				"size": 0.2,
				"color": { "red": 255, "green": 0, "blue": 0, "alpha": 128 },
				"state": 1,
				"pattern": [ 50, 50, 50, 50, 50, 300 ]
				},
				
				"13": {
				"size": 0.2,
				"color": { "red": 255, "green": 0, "blue": 0, "alpha": 128  },
				"state": 1,
				"pattern": [ 50, 50, 50, 50, 50, 300 ]
				},
		
				"14": {
				"size": 0.2,
				"color": { "red": 255, "green": 0, "blue": 0, "alpha": 128 },
				"state": 0,
				"pattern": [ 300, 50, 50, 50, 50, 50  ]
				},
		
				"15": {
				"size": 0.2,
				"color": { "red": 255, "green": 0, "blue": 0, "alpha": 128 },
				"state": 0,
				"pattern": [ 300, 50, 50, 50, 50, 50  ]
				},
		
				"16": {
				"size": 0.2,
				"color": { "red": 255, "green": 0, "blue": 0, "alpha": 128 },
				"state": 0,
				"pattern": [ 300, 50, 50, 50, 50, 50  ]
				},
		
				"17": {
					"size": 0.2,
					"color": { "red": 255, "green": 0, "blue": 0, "alpha": 128  },
					"state": 0,
					"pattern": [ 300, 50, 50, 50, 50, 50  ]
				},
		
				"18": {
					"size": 0.2,
					"color": { "red": 255, "green": 0, "blue": 0, "alpha": 128 },
					"state": 0,
					"pattern": [ 300, 50, 50, 50, 50, 50  ]
				},
		
				"19": {
					"size": 0.2,
					"color": { "red": 255, "green": 0, "blue": 0, "alpha": 128 },
					"state": 0,
					"pattern": [ 300, 50, 50, 50, 50, 50  ]
				},
		
				"20": {
					"size": 0.2,
					"color": { "red": 255, "green": 0, "blue": 0, "alpha": 128 },
					"state": 0,
					"pattern": [ 300, 50, 50, 50, 50, 50  ]
				},
		
				"21": {
					"size": 0.2,
					"color": { "red": 255, "green": 0, "blue": 0, "alpha": 128  },
					"state": 0,
					"pattern": [ 300, 50, 50, 50, 50, 50  ]
				},
		
				"22": {
					"size": 0.2,
					"color": { "red": 255, "green": 0, "blue": 0, "alpha": 128 },
					"state": 0,
					"pattern": [ 300, 50, 50, 50, 50, 50  ]
				},
		
				"23": {
					"size": 0.2,
					"color": { "red": 255, "green": 0, "blue": 0, "alpha": 128 },
					"state": 0,
					"pattern": [ 300, 50, 50, 50, 50, 50  ]
				},
		
				"24": {
					"size": 0.2,
					"color": { "red": 255, "green": 0, "blue": 0, "alpha": 128 },
					"state": 0,
					"pattern": [ 300, 50, 50, 50, 50, 50  ]
				},
		
				"25": {
					"size": 0.2,
					"color": { "red": 2, "green": 96, "blue": 255, "alpha": 128 },
					"state": 0,
					"pattern": [ 300, 50, 50, 50, 50, 50  ]
				},
		
				"26": {
					"size": 0.2,
					"color": { "red": 2, "green": 96, "blue": 255, "alpha": 128 },
					"state": 0,
					"pattern": [ 300, 50, 50, 50, 50, 50  ]
				},
		
				"27": {
					"size": 0.2,
					"color": {  "red": 2, "green": 96, "blue": 255, "alpha": 128 },
					"state": 0,
					"pattern": [ 300, 50, 50, 50, 50, 50  ]
				},
		
				"28": {
					"size": 0.2,
					"color": {  "red": 2, "green": 96, "blue": 255, "alpha": 128 },
					"state": 0,
					"pattern": [ 300, 50, 50, 50, 50, 50  ]
				},
				
				"29": {
					"size": 0.2,
					"color": {  "red": 2, "green": 96, "blue": 255, "alpha": 128 },
					"state": 0,
					"pattern": [ 300, 50, 50, 50, 50, 50  ]
				},
		
				"30": {
					"size": 0.2,
					"color": {  "red": 2, "green": 96, "blue": 255, "alpha": 128 },
					"state": 0,
					"pattern": [ 300, 50, 50, 50, 50, 50  ]
				},
		
				"31": {
					"size": 0.2,
					"color": {  "red": 2, "green": 96, "blue": 255, "alpha": 128 },
					"state": 0,
					"pattern": [ 300, 50, 50, 50, 50, 50  ]
				},
		
				"32": {
					"size": 0.2,
					"color": {  "red": 2, "green": 96, "blue": 255, "alpha": 128 },
					"state": 0,
					"pattern": [ 300, 50, 50, 50, 50, 50  ]
				},
		
				"33": {
					"size": 0.2,
					"color": {  "red": 2, "green": 96, "blue": 255, "alpha": 128 },
					"state": 0,
					"pattern": [ 300, 50, 50, 50, 50, 50  ]
				},
		
				"34": {
					"size": 0.2,
					"color": {  "red": 2, "green": 96, "blue": 255, "alpha": 128 },
					"state": 0,
					"pattern": [ 300, 50, 50, 50, 50, 50  ]
				},
		
				"35": {
					"size": 0.2,
					"color": {  "red": 2, "green": 96, "blue": 255, "alpha": 128 },
					"state": 0,
						"pattern": [ 300, 50, 50, 50, 50, 50  ]
				},
		
				"36": {
					"size": 0.2,
					"color": {  "red": 2, "green": 96, "blue": 255, "alpha": 128 },
					"state": 0,
					"pattern": [ 300, 50, 50, 50, 50, 50  ]
				},
		
				"37": {
					"size": 0.2,
					"color": {  "red": 2, "green": 96, "blue": 255, "alpha": 128  },
					"state": 1,
					"pattern": [ 50, 50, 50, 50, 50, 300 ]
				},
		
				"38": {
					"size": 0.2,
					"color": {  "red": 2, "green": 96, "blue": 255, "alpha": 128 },
					"state": 1,
					"pattern": [ 50, 50, 50, 50, 50, 300 ]
				},
		
				"39": {
					"size": 0.2,
					"color": {  "red": 2, "green": 96, "blue": 255, "alpha": 128 },
					"state": 1,
					"pattern": [ 50, 50, 50, 50, 50, 300 ]
				},
		
				"40": {
					"size": 0.2,
					"color": {  "red": 2, "green": 96, "blue": 255, "alpha": 128 },
					"state": 1,
					"pattern": [ 50, 50, 50, 50, 50, 300 ]
				},
		
				"41": {
					"size": 0.2,
					"color": {  "red": 2, "green": 96, "blue": 255, "alpha": 128 },
					"state": 1,
					"pattern": [ 50, 50, 50, 50, 50, 300 ]
				},
		
				"42": {
					"size": 0.2,
					"color": {  "red": 2, "green": 96, "blue": 255, "alpha": 128 },
					"state": 1,
					"pattern": [ 50, 50, 50, 50, 50, 300 ]
				},
		
				"43": {
					"size": 0.2,
					"color": { "red": 2, "green": 96, "blue": 255, "alpha": 128 },
					"state": 1,
					"pattern": [ 50, 50, 50, 50, 50, 300 ]
				},
		
				"44": {
					"size": 0.2,
					"color": {  "red": 2, "green": 96, "blue": 255, "alpha": 128 },
					"state": 1,
					"pattern": [ 50, 50, 50, 50, 50, 300 ]
				},
				
				"45": {
					"size": 0.2,
					"color": {  "red": 2, "green": 96, "blue": 255, "alpha": 128 },
					"state": 1,
					"pattern": [ 50, 50, 50, 50, 50, 300 ]
				},
		
				"46": {
					"size": 0.2,
					"color": {  "red": 2, "green": 96, "blue": 255, "alpha": 128 },
					"state": 1,
					"pattern": [ 50, 50, 50, 50, 50, 300 ]
				},
		
				"47": {
					"size": 0.2,
					"color": {  "red": 2, "green": 96, "blue": 255, "alpha": 128 },
					"state": 1,
					"pattern": [ 50, 50, 50, 50, 50, 300 ]
				},
		
				"48": {
					"size": 0.2,
					"color": {  "red": 2, "green": 96, "blue": 255, "alpha": 128 },
					"state": 1,
					"pattern": [ 50, 50, 50, 50, 50, 300 ]
				},

				"49": {
					"size": 0.1,
					"color": {  "red": 2, "green": 96, "blue": 255, "alpha": 128 },
					"state": 0,
					"pattern": [ 450, 450 ]
				},

				"50": {
					"size": 0.1,
					"color": {  "red": 2, "green": 96, "blue": 255, "alpha": 128 },
					"state": 1,
					"pattern": [ 450, 450 ]
				}
			},
				"2лево-право": {
					"1": {
						"size": 0.2,
						"color": { "red": 255, "green": 0, "blue": 0, "alpha": 128  },
						"state": 1,
						"pattern": [ 50, 50, 50, 50, 50, 300 ]
					},
			
					"2": {
						"size": 0.2,
						"color": { "red": 255, "green": 0, "blue": 0, "alpha": 128 },
						"state": 1,
						"pattern": [ 50, 50, 50, 50, 50, 300 ]
					},
			
					"3": {
						"size": 0.2,
						"color": { "red": 255, "green": 0, "blue": 0, "alpha": 128 },
						"state": 1,
						"pattern": [ 50, 50, 50, 50, 50, 300 ]
					},
			
					"4": {
						"size": 0.2,
						"color": { "red": 255, "green": 0, "blue": 0, "alpha": 128 },
						"state": 1,
						"pattern": [ 50, 50, 50, 50, 50, 300 ]
					},
			
					"5": {
						"size": 0.2,
						"color": { "red": 255, "green": 0, "blue": 0, "alpha": 128  },
						"state": 1,
						"pattern": [ 50, 50, 50, 50, 50, 300 ]
					},
			
					"6": {
						"size": 0.2,
						"color": { "red": 255, "green": 0, "blue": 0, "alpha": 128 },
						"state": 1,
						"pattern": [ 50, 50, 50, 50, 50, 300 ]
					},
			
					"7": {
						"size": 0.2,
						"color": { "red": 255, "green": 0, "blue": 0, "alpha": 128 },
						"state": 1,
						"pattern": [ 50, 50, 50, 50, 50, 300 ]
					},
			
					"8": {
						"size": 0.2,
						"color": { "red": 255, "green": 0, "blue": 0, "alpha": 128 },
						"state": 1,
						"pattern": [ 50, 50, 50, 50, 50, 300 ]
					},
			
					"9": {
						"size": 0.2,
						"color": { "red": 255, "green": 0, "blue": 0, "alpha": 128  },
						"state": 1,
						"pattern": [ 50, 50, 50, 50, 50, 300 ]
					},
			
					"10": {
						"size": 0.2,
						"color": { "red": 255, "green": 0, "blue": 0, "alpha": 128 },
						"state": 1,
						"pattern": [ 50, 50, 50, 50, 50, 300 ]
					},
			
					"11": {
						"size": 0.2,
						"color": { "red": 255, "green": 0, "blue": 0, "alpha": 128 },
						"state": 1,
						"pattern": [ 50, 50, 50, 50, 50, 300 ]
					},
			
					"12": {
						"size": 0.2,
						"color": { "red": 255, "green": 0, "blue": 0, "alpha": 128 },
						"state": 1,
						"pattern": [ 50, 50, 50, 50, 50, 300 ]
					},
					
					"13": {
						"size": 0.2,
						"color": { "red": 255, "green": 0, "blue": 0, "alpha": 128  },
						"state": 1,
						"pattern": [ 50, 50, 50, 50, 50, 300 ]
					},
			
					"14": {
						"size": 0.2,
						"color": { "red": 255, "green": 0, "blue": 0, "alpha": 128 },
						"state": 1,
						"pattern": [ 50, 50, 50, 50, 50, 300 ]
					},
			
					"15": {
						"size": 0.2,
						"color": { "red": 255, "green": 0, "blue": 0, "alpha": 128 },
						"state": 1,
						"pattern": [ 50, 50, 50, 50, 50, 300 ]
					},
			
					"16": {
						"size": 0.2,
						"color": { "red": 255, "green": 0, "blue": 0, "alpha": 128 },
						"state": 1,
						"pattern": [ 50, 50, 50, 50, 50, 300 ]
					},
			
					"17": {
						"size": 0.2,
						"color": { "red": 255, "green": 0, "blue": 0, "alpha": 128  },
						"state": 1,
						"pattern": [ 50, 50, 50, 50, 50, 300 ]
					},
			
					"18": {
						"size": 0.2,
						"color": { "red": 255, "green": 0, "blue": 0, "alpha": 128 },
						"state": 1,
						"pattern": [ 50, 50, 50, 50, 50, 300 ]
					},
			
					"19": {
						"size": 0.2,
						"color": { "red": 255, "green": 0, "blue": 0, "alpha": 128 },
						"state": 1,
						"pattern": [ 50, 50, 50, 50, 50, 300 ]
					},
			
					"20": {
						"size": 0.2,
						"color": { "red": 255, "green": 0, "blue": 0, "alpha": 128 },
						"state": 1,
						"pattern": [ 50, 50, 50, 50, 50, 300 ]
					},
			
					"21": {
						"size": 0.2,
						"color": { "red": 255, "green": 0, "blue": 0, "alpha": 128  },
						"state": 1,
						"pattern": [ 50, 50, 50, 50, 50, 300 ]
					},
			
					"22": {
						"size": 0.2,
						"color": { "red": 255, "green": 0, "blue": 0, "alpha": 128 },
						"state": 1,
						"pattern": [ 50, 50, 50, 50, 50, 300 ]
					},
			
					"23": {
						"size": 0.2,
						"color": { "red": 255, "green": 0, "blue": 0, "alpha": 128 },
						"state": 1,
						"pattern": [ 50, 50, 50, 50, 50, 300 ]
					},
			
					"24": {
						"size": 0.2,
						"color": { "red": 255, "green": 0, "blue": 0, "alpha": 128 },
						"state": 1,
						"pattern": [ 50, 50, 50, 50, 50, 300 ]
					},
			
					"25": {
						"size": 0.2,
						"color": { "red": 2, "green": 96, "blue": 255, "alpha": 128 },
						"state": 0,
						"pattern": [ 300, 50, 50, 50, 50, 50 ]
					},
			
					"26": {
						"size": 0.2,
						"color": { "red": 2, "green": 96, "blue": 255, "alpha": 128 },
						"state": 0,
						"pattern": [ 300, 50, 50, 50, 50, 50 ]
					},
			
					"27": {
						"size": 0.2,
						"color": {  "red": 2, "green": 96, "blue": 255, "alpha": 128 },
						"state": 0,
						"pattern": [ 300, 50, 50, 50, 50, 50 ]
					},
			
					"28": {
						"size": 0.2,
						"color": {  "red": 2, "green": 96, "blue": 255, "alpha": 128 },
						"state": 0,
						"pattern": [ 300, 50, 50, 50, 50, 50 ]
					},
					
					"29": {
						"size": 0.2,
						"color": {  "red": 2, "green": 96, "blue": 255, "alpha": 128 },
						"state": 0,
						"pattern": [ 300, 50, 50, 50, 50, 50 ]
					},
			
					"30": {
						"size": 0.2,
						"color": {  "red": 2, "green": 96, "blue": 255, "alpha": 128 },
						"state": 0,
						"pattern": [ 300, 50, 50, 50, 50, 50 ]
					},
			
					"31": {
						"size": 0.2,
						"color": {  "red": 2, "green": 96, "blue": 255, "alpha": 128 },
						"state": 0,
						"pattern": [ 300, 50, 50, 50, 50, 50 ]
					},
			
					"32": {
						"size": 0.2,
						"color": {  "red": 2, "green": 96, "blue": 255, "alpha": 128 },
						"state": 0,
						"pattern": [ 300, 50, 50, 50, 50, 50 ]
					},
			
					"33": {
						"size": 0.2,
						"color": {  "red": 2, "green": 96, "blue": 255, "alpha": 128 },
						"state": 0,
						"pattern": [ 300, 50, 50, 50, 50, 50 ]
					},
			
					"34": {
						"size": 0.2,
						"color": {  "red": 2, "green": 96, "blue": 255, "alpha": 128 },
						"state": 0,
						"pattern": [ 300, 50, 50, 50, 50, 50 ]
					},
			
					"35": {
						"size": 0.2,
						"color": {  "red": 2, "green": 96, "blue": 255, "alpha": 128 },
						"state": 0,
						"pattern": [ 300, 50, 50, 50, 50, 50 ]
					},
			
					"36": {
						"size": 0.2,
						"color": {  "red": 2, "green": 96, "blue": 255, "alpha": 128 },
						"state": 0,
						"pattern": [ 300, 50, 50, 50, 50, 50 ]
					},
			
					"37": {
						"size": 0.2,
						"color": {  "red": 2, "green": 96, "blue": 255, "alpha": 128  },
						"state": 0,
						"pattern": [ 300, 50, 50, 50, 50, 50 ]
					},
			
					"38": {
						"size": 0.2,
						"color": {  "red": 2, "green": 96, "blue": 255, "alpha": 128 },
						"state": 0,
						"pattern": [ 300, 50, 50, 50, 50, 50 ]
					},
			
					"39": {
						"size": 0.2,
						"color": {  "red": 2, "green": 96, "blue": 255, "alpha": 128 },
						"state": 0,
						"pattern": [ 300, 50, 50, 50, 50, 50 ]
					},
			
					"40": {
						"size": 0.2,
						"color": {  "red": 2, "green": 96, "blue": 255, "alpha": 128 },
						"state": 0,
						"pattern": [ 300, 50, 50, 50, 50, 50 ]
					},
			
					"41": {
						"size": 0.2,
						"color": {  "red": 2, "green": 96, "blue": 255, "alpha": 128 },
						"state": 0,
						"pattern": [ 300, 50, 50, 50, 50, 50 ]
					},
			
					"42": {
						"size": 0.2,
						"color": {  "red": 2, "green": 96, "blue": 255, "alpha": 128 },
						"state": 0,
						"pattern": [ 300, 50, 50, 50, 50, 50 ]
					},
			
					"43": {
						"size": 0.2,
						"color": { "red": 2, "green": 96, "blue": 255, "alpha": 128 },
						"state": 0,
						"pattern": [ 300, 50, 50, 50, 50, 50 ]
					},
			
					"44": {
						"size": 0.2,
						"color": {  "red": 2, "green": 96, "blue": 255, "alpha": 128 },
						"state": 0,
						"pattern": [ 300, 50, 50, 50, 50, 50 ]
					},
					
					"45": {
						"size": 0.2,
						"color": {  "red": 2, "green": 96, "blue": 255, "alpha": 128 },
						"state": 0,
						"pattern": [ 300, 50, 50, 50, 50, 50 ]
					},
			
					"46": {
						"size": 0.2,
						"color": {  "red": 2, "green": 96, "blue": 255, "alpha": 128 },
						"state": 0,
						"pattern": [ 300, 50, 50, 50, 50, 50 ]
					},
			
					"47": {
						"size": 0.2,
						"color": {  "red": 2, "green": 96, "blue": 255, "alpha": 128 },
						"state": 0,
						"pattern": [ 300, 50, 50, 50, 50, 50 ]
					},
			
					"48": {
						"size": 0.2,
						"color": {  "red": 2, "green": 96, "blue": 255, "alpha": 128 },
						"state": 0,
						"pattern": [ 300, 50, 50, 50, 50, 50 ]
		}
	},
	"7Только вперед": {
		"1": {
			"size": 0.2,
			"color": { "red": 255, "green": 0, "blue": 0, "alpha": 128  },
			"state": 0,
			"pattern": [ 300, 50, 50, 50, 50, 50  ]
		},

		"2": {
			"size": 0.2,
			"color": { "red": 255, "green": 0, "blue": 0, "alpha": 128 },
			"state": 0,
			"pattern": [ 300, 50, 50, 50, 50, 50  ]
		},

		"3": {
			"size": 0.2,
			"color": { "red": 255, "green": 0, "blue": 0, "alpha": 128 },
			"state": 0,
			"pattern": [ 300, 50, 50, 50, 50, 50  ]
		},

		"4": {
			"size": 0.2,
			"color": { "red": 255, "green": 0, "blue": 0, "alpha": 128 },
			"state": 0,
			"pattern": [ 300, 50, 50, 50, 50, 50  ]
		},

		"5": {
			"size": 0.2,
			"color": { "red": 255, "green": 0, "blue": 0, "alpha": 128  },
			"state": 0,
			"pattern": [ 300, 50, 50, 50, 50, 50  ]
		},

		"6": {
			"size": 0.2,
			"color": { "red": 255, "green": 0, "blue": 0, "alpha": 128 },
			"state": 0,
			"pattern": [ 300, 50, 50, 50, 50, 50  ]
		},

		"7": {
			"size": 0.2,
			"color": { "red": 255, "green": 0, "blue": 0, "alpha": 128 },
			"state": 0,
			"pattern": [ 300, 50, 50, 50, 50, 50  ]
		},

		"8": {
			"size": 0.2,
			"color": { "red": 255, "green": 0, "blue": 0, "alpha": 128 },
			"state": 0,
			"pattern": [ 300, 50, 50, 50, 50, 50  ]
		},

		"9": {
			"size": 0.2,
			"color": { "red": 255, "green": 0, "blue": 0, "alpha": 128  },
			"state": 0,
			"pattern": [ 300, 50, 50, 50, 50, 50  ]
		},

		"10": {
			"size": 0.2,
			"color": { "red": 255, "green": 0, "blue": 0, "alpha": 128 },
			"state": 0,
			"pattern": [ 300, 50, 50, 50, 50, 50  ]
		},

		"11": {
			"size": 0.2,
			"color": { "red": 255, "green": 0, "blue": 0, "alpha": 128 },
			"state": 0,
			"pattern": [ 300, 50, 50, 50, 50, 50  ]
		},

		"12": {
			"size": 0.2,
			"color": { "red": 255, "green": 0, "blue": 0, "alpha": 128 },
			"state": 0,
			"pattern": [ 300, 50, 50, 50, 50, 50  ]
		},
		
		"13": {
			"size": 0.2,
			"color": { "red": 255, "green": 0, "blue": 0, "alpha": 128  },
			"state": 0,
			"pattern": [ 99999999999999, 0 ]
		},

		"14": {
			"size": 0.2,
			"color": { "red": 255, "green": 0, "blue": 0, "alpha": 128 },
			"state": 0,
			"pattern": [ 99999999999999, 0 ]
		},

		"15": {
			"size": 0.2,
			"color": { "red": 255, "green": 0, "blue": 0, "alpha": 128 },
			"state": 0,
			"pattern": [ 99999999999999, 0 ]
		},

		"16": {
			"size": 0.2,
			"color": { "red": 255, "green": 0, "blue": 0, "alpha": 128 },
			"state": 0,
			"pattern": [ 99999999999999, 0 ]
		},

		"17": {
			"size": 0.2,
			"color": { "red": 255, "green": 0, "blue": 0, "alpha": 128  },
			"state": 0,
			"pattern": [ 99999999999999, 0 ]
		},

		"18": {
			"size": 0.2,
			"color": { "red": 255, "green": 0, "blue": 0, "alpha": 128 },
			"state": 0,
			"pattern": [ 99999999999999, 0 ]
		},

		"19": {
			"size": 0.2,
			"color": { "red": 255, "green": 0, "blue": 0, "alpha": 128 },
			"state": 0,
			"pattern": [ 99999999999999, 0 ]
		},

		"20": {
			"size": 0.2,
			"color": { "red": 255, "green": 0, "blue": 0, "alpha": 128 },
			"state": 0,
			"pattern": [ 99999999999999, 0 ]
		},

		"21": {
			"size": 0.2,
			"color": { "red": 255, "green": 0, "blue": 0, "alpha": 128  },
			"state": 0,
			"pattern": [ 99999999999999, 0 ]
		},

		"22": {
			"size": 0.2,
			"color": { "red": 255, "green": 0, "blue": 0, "alpha": 128 },
			"state": 0,
			"pattern": [ 99999999999999, 0 ]
		},

		"23": {
			"size": 0.2,
			"color": { "red": 255, "green": 0, "blue": 0, "alpha": 128 },
			"state": 0,
			"pattern": [ 99999999999999, 0 ]
		},

		"24": {
			"size": 0.2,
			"color": { "red": 255, "green": 0, "blue": 0, "alpha": 128 },
			"state": 0,
			"pattern": [ 99999999999999, 0 ]
		},

		"25": {
			"size": 0.2,
			"color": { "red": 2, "green": 96, "blue": 255, "alpha": 128 },
			"state": 0,
			"pattern": [ 99999999999999, 0 ]
		},

		"26": {
			"size": 0.2,
			"color": { "red": 2, "green": 96, "blue": 255, "alpha": 128 },
			"state": 0,
			"pattern": [ 99999999999999, 0 ]
		},

		"27": {
			"size": 0.2,
			"color": {  "red": 2, "green": 96, "blue": 255, "alpha": 128 },
			"state": 0,
			"pattern": [ 99999999999999, 0 ]
		},

		"28": {
			"size": 0.2,
			"color": {  "red": 2, "green": 96, "blue": 255, "alpha": 128 },
			"state": 0,
			"pattern": [ 99999999999999, 0 ]
		},
		
		"29": {
			"size": 0.2,
			"color": {  "red": 2, "green": 96, "blue": 255, "alpha": 128 },
			"state": 0,
			"pattern": [ 99999999999999, 0 ]
		},

		"30": {
			"size": 0.2,
			"color": {  "red": 2, "green": 96, "blue": 255, "alpha": 128 },
			"state": 0,
			"pattern": [ 99999999999999, 0 ]
		},

		"31": {
			"size": 0.2,
			"color": {  "red": 2, "green": 96, "blue": 255, "alpha": 128 },
			"state": 0,
			"pattern": [ 99999999999999, 0 ]
		},

		"32": {
			"size": 0.2,
			"color": {  "red": 2, "green": 96, "blue": 255, "alpha": 128 },
			"state": 0,
			"pattern": [ 99999999999999, 0 ]
		},

		"33": {
			"size": 0.2,
			"color": {  "red": 2, "green": 96, "blue": 255, "alpha": 128 },
			"state": 0,
			"pattern": [ 99999999999999, 0 ]
		},

		"34": {
			"size": 0.2,
			"color": {  "red": 2, "green": 96, "blue": 255, "alpha": 128 },
			"state": 0,
			"pattern": [ 99999999999999, 0 ]
		},

		"35": {
			"size": 0.2,
			"color": {  "red": 2, "green": 96, "blue": 255, "alpha": 128 },
			"state": 0,
			"pattern": [ 99999999999999, 0 ]
		},

		"36": {
			"size": 0.2,
			"color": {  "red": 2, "green": 96, "blue": 255, "alpha": 128 },
			"state": 0,
			"pattern": [ 99999999999999, 0 ]
		},

		"37": {
			"size": 0.2,
			"color": {  "red": 2, "green": 96, "blue": 255, "alpha": 128  },
			"state": 1,
				"pattern": [ 50, 50, 50, 50, 50, 300 ]
		},

		"38": {
			"size": 0.2,
			"color": {  "red": 2, "green": 96, "blue": 255, "alpha": 128 },
			"state": 1,
			"pattern": [ 50, 50, 50, 50, 50, 300 ]
		},

		"39": {
			"size": 0.2,
			"color": {  "red": 2, "green": 96, "blue": 255, "alpha": 128 },
			"state": 1,
			"pattern": [ 50, 50, 50, 50, 50, 300 ]
		},

		"40": {
			"size": 0.2,
			"color": {  "red": 2, "green": 96, "blue": 255, "alpha": 128 },
			"state": 1,
			"pattern": [ 50, 50, 50, 50, 50, 300 ]
		},

		"41": {
			"size": 0.2,
			"color": {  "red": 2, "green": 96, "blue": 255, "alpha": 128 },
			"state": 1,
				"pattern": [ 50, 50, 50, 50, 50, 300 ]
		},

		"42": {
			"size": 0.2,
			"color": {  "red": 2, "green": 96, "blue": 255, "alpha": 128 },
			"state": 1,
			"pattern": [ 50, 50, 50, 50, 50, 300 ]
		},

		"43": {
			"size": 0.2,
			"color": { "red": 2, "green": 96, "blue": 255, "alpha": 128 },
			"state": 1,
			"pattern": [ 50, 50, 50, 50, 50, 300 ]
		},

		"44": {
			"size": 0.2,
			"color": {  "red": 2, "green": 96, "blue": 255, "alpha": 128 },
			"state": 1,
			"pattern": [ 50, 50, 50, 50, 50, 300 ]
		},
		
		"45": {
			"size": 0.2,
			"color": {  "red": 2, "green": 96, "blue": 255, "alpha": 128 },
			"state": 1,
			"pattern": [ 50, 50, 50, 50, 50, 300 ]
		},

		"46": {
			"size": 0.2,
			"color": {  "red": 2, "green": 96, "blue": 255, "alpha": 128 },
			"state": 1,
			"pattern": [ 50, 50, 50, 50, 50, 300 ]
		},

		"47": {
			"size": 0.2,
			"color": {  "red": 2, "green": 96, "blue": 255, "alpha": 128 },
			"state": 1,
			"pattern": [ 50, 50, 50, 50, 50, 300 ]
		},

		"48": {
			"size": 0.2,
			"color": {  "red": 2, "green": 96, "blue": 255, "alpha": 128 },
			"state": 1,
			"pattern": [ 50, 50, 50, 50, 50, 300 ]
		 }
		},

		"8Только назад": {
			"1": {
				"size": 0.2,
				"color": { "red": 255, "green": 0, "blue": 0, "alpha": 128  },
				"state": 0,
				"pattern": [ 9999999999999, 0 ]
			},
	
			"2": {
				"size": 0.2,
				"color": { "red": 255, "green": 0, "blue": 0, "alpha": 128 },
				"state": 0,
				"pattern": [ 9999999999999, 0 ]
			},
	
			"3": {
				"size": 0.2,
				"color": { "red": 255, "green": 0, "blue": 0, "alpha": 128 },
				"state": 0,
				"pattern": [ 9999999999999, 0 ]
			},
	
			"4": {
				"size": 0.2,
				"color": { "red": 255, "green": 0, "blue": 0, "alpha": 128 },
				"state": 0,
				"pattern": [ 9999999999999, 0 ]
			},
	
			"5": {
				"size": 0.2,
				"color": { "red": 255, "green": 0, "blue": 0, "alpha": 128  },
				"state": 0,
				"pattern": [ 9999999999999, 0 ]
			},
	
			"6": {
				"size": 0.2,
				"color": { "red": 255, "green": 0, "blue": 0, "alpha": 128 },
				"state": 0,
				"pattern": [ 9999999999999, 0 ]
			},
	
			"7": {
				"size": 0.2,
				"color": { "red": 255, "green": 0, "blue": 0, "alpha": 128 },
				"state": 0,
				"pattern": [ 9999999999999, 0 ]
			},
	
			"8": {
				"size": 0.2,
				"color": { "red": 255, "green": 0, "blue": 0, "alpha": 128 },
				"state": 0,
				"pattern": [ 9999999999999, 0 ]
			},
	
			"9": {
				"size": 0.2,
				"color": { "red": 255, "green": 0, "blue": 0, "alpha": 128  },
				"state": 0,
				"pattern": [ 9999999999999, 0 ]
			},
	
			"10": {
				"size": 0.2,
				"color": { "red": 255, "green": 0, "blue": 0, "alpha": 128 },
				"state": 0,
				"pattern": [ 9999999999999, 0 ]
			},
	
			"11": {
				"size": 0.2,
				"color": { "red": 255, "green": 0, "blue": 0, "alpha": 128 },
				"state": 0,
				"pattern": [ 9999999999999, 0 ]
			},
	
			"12": {
				"size": 0.2,
				"color": { "red": 255, "green": 0, "blue": 0, "alpha": 128 },
				"state": 0,
				"pattern": [ 9999999999999, 0 ]
			},
			
			"13": {
				"size": 0.2,
				"color": { "red": 255, "green": 0, "blue": 0, "alpha": 128  },
				"state": 0,
				"pattern": [ 300, 50, 50, 50, 50, 50 ]
			},
	
			"14": {
				"size": 0.2,
				"color": { "red": 255, "green": 0, "blue": 0, "alpha": 128 },
				"state": 0,
				"pattern": [ 300, 50, 50, 50, 50, 50 ]
			},
	
			"15": {
				"size": 0.2,
				"color": { "red": 255, "green": 0, "blue": 0, "alpha": 128 },
				"state": 0,
				"pattern": [ 300, 50, 50, 50, 50, 50 ]
			},
	
			"16": {
				"size": 0.2,
				"color": { "red": 255, "green": 0, "blue": 0, "alpha": 128 },
				"state": 0,
				"pattern": [ 300, 50, 50, 50, 50, 50 ]
			},
	
			"17": {
				"size": 0.2,
				"color": { "red": 255, "green": 0, "blue": 0, "alpha": 128  },
				"state": 0,
				"pattern": [ 300, 50, 50, 50, 50, 50 ]
			},
	
			"18": {
				"size": 0.2,
				"color": { "red": 255, "green": 0, "blue": 0, "alpha": 128 },
				"state": 0,
				"pattern": [ 300, 50, 50, 50, 50, 50 ]
			},
	
			"19": {
				"size": 0.2,
				"color": { "red": 255, "green": 0, "blue": 0, "alpha": 128 },
				"state": 0,
				"pattern": [ 300, 50, 50, 50, 50, 50 ]
			},
	
			"20": {
				"size": 0.2,
				"color": { "red": 255, "green": 0, "blue": 0, "alpha": 128 },
				"state": 0,
				"pattern": [ 300, 50, 50, 50, 50, 50 ]
			},
	
			"21": {
				"size": 0.2,
				"color": { "red": 255, "green": 0, "blue": 0, "alpha": 128  },
				"state": 0,
				"pattern": [ 300, 50, 50, 50, 50, 50 ]
			},
	
			"22": {
				"size": 0.2,
				"color": { "red": 255, "green": 0, "blue": 0, "alpha": 128 },
				"state": 0,
				"pattern": [ 300, 50, 50, 50, 50, 50 ]
			},
	
			"23": {
				"size": 0.2,
				"color": { "red": 255, "green": 0, "blue": 0, "alpha": 128 },
				"state": 0,
				"pattern": [ 300, 50, 50, 50, 50, 50 ]
			},
	
			"24": {
				"size": 0.2,
				"color": { "red": 255, "green": 0, "blue": 0, "alpha": 128 },
				"state": 0,
				"pattern": [ 300, 50, 50, 50, 50, 50 ]
			},
	
			"25": {
				"size": 0.2,
				"color": { "red": 2, "green": 96, "blue": 255, "alpha": 128 },
				"state": 1,
				"pattern": [ 50, 50, 50, 50, 50, 300 ]
			},
	
			"26": {
				"size": 0.2,
				"color": { "red": 2, "green": 96, "blue": 255, "alpha": 128 },
				"state": 1,
				"pattern": [ 50, 50, 50, 50, 50, 300 ]
			},
	
			"27": {
				"size": 0.2,
				"color": {  "red": 2, "green": 96, "blue": 255, "alpha": 128 },
				"state": 1,
				"pattern": [ 50, 50, 50, 50, 50, 300 ]
			},
	
			"28": {
				"size": 0.2,
				"color": {  "red": 2, "green": 96, "blue": 255, "alpha": 128 },
				"state": 1,
				"pattern": [ 50, 50, 50, 50, 50, 300 ]
			},
			
			"29": {
				"size": 0.2,
				"color": {  "red": 2, "green": 96, "blue": 255, "alpha": 128 },
				"state": 1,
				"pattern": [ 50, 50, 50, 50, 50, 300 ]
			},
	
			"30": {
				"size": 0.2,
				"color": {  "red": 2, "green": 96, "blue": 255, "alpha": 128 },
				"state": 1,
				"pattern": [ 50, 50, 50, 50, 50, 300 ]
			},
	
			"31": {
				"size": 0.2,
				"color": {  "red": 2, "green": 96, "blue": 255, "alpha": 128 },
				"state": 1,
				"pattern": [ 50, 50, 50, 50, 50, 300 ]
			},
	
			"32": {
				"size": 0.2,
				"color": {  "red": 2, "green": 96, "blue": 255, "alpha": 128 },
				"state": 1,
				"pattern": [ 50, 50, 50, 50, 50, 300 ]
			},
	
			"33": {
				"size": 0.2,
				"color": {  "red": 2, "green": 96, "blue": 255, "alpha": 128 },
				"state": 1,
				"pattern": [ 50, 50, 50, 50, 50, 300 ]
			},
	
			"34": {
				"size": 0.2,
				"color": {  "red": 2, "green": 96, "blue": 255, "alpha": 128 },
				"state": 1,
				"pattern": [ 50, 50, 50, 50, 50, 300 ]
			},
	
			"35": {
				"size": 0.2,
				"color": {  "red": 2, "green": 96, "blue": 255, "alpha": 128 },
				"state": 1,
				"pattern": [ 50, 50, 50, 50, 50, 300 ]
			},
	
			"36": {
				"size": 0.2,
				"color": {  "red": 2, "green": 96, "blue": 255, "alpha": 128 },
				"state": 1,
				"pattern": [ 50, 50, 50, 50, 50, 300 ]
			},
	
			"37": {
				"size": 0.2,
				"color": {  "red": 2, "green": 96, "blue": 255, "alpha": 128  },
				"state": 0,
				"pattern": [ 9999999999999, 0 ]
			},
	
			"38": {
				"size": 0.2,
				"color": {  "red": 2, "green": 96, "blue": 255, "alpha": 128 },
				"state": 0,
				"pattern": [ 9999999999999, 0 ]
			},
	
			"39": {
				"size": 0.2,
				"color": {  "red": 2, "green": 96, "blue": 255, "alpha": 128 },
				"state": 0,
				"pattern": [ 9999999999999, 0 ]
			},
	
			"40": {
				"size": 0.2,
				"color": {  "red": 2, "green": 96, "blue": 255, "alpha": 128 },
				"state": 0,
				"pattern": [ 9999999999999, 0 ]
			},
	
			"41": {
				"size": 0.2,
				"color": {  "red": 2, "green": 96, "blue": 255, "alpha": 128 },
				"state": 0,
				"pattern": [ 9999999999999, 0 ]
			},
	
			"42": {
				"size": 0.2,
				"color": {  "red": 2, "green": 96, "blue": 255, "alpha": 128 },
				"state": 0,
				"pattern": [ 9999999999999, 0 ]
			},
	
			"43": {
				"size": 0.2,
				"color": { "red": 2, "green": 96, "blue": 255, "alpha": 128 },
				"state": 0,
				"pattern": [ 9999999999999, 0 ]
			},
	
			"44": {
				"size": 0.2,
				"color": {  "red": 2, "green": 96, "blue": 255, "alpha": 128 },
				"state": 0,
				"pattern": [ 9999999999999, 0 ]
			},
			
			"45": {
				"size": 0.2,
				"color": {  "red": 2, "green": 96, "blue": 255, "alpha": 128 },
				"state": 0,
				"pattern": [ 9999999999999, 0 ]
			},
	
			"46": {
				"size": 0.2,
				"color": {  "red": 2, "green": 96, "blue": 255, "alpha": 128 },
				"state": 0,
				"pattern": [ 9999999999999, 0 ]
			},
	
			"47": {
				"size": 0.2,
				"color": {  "red": 2, "green": 96, "blue": 255, "alpha": 128 },
				"state": 0,
				"pattern": [ 9999999999999, 0 ]
			},
	
			"48": {
				"size": 0.2,
				"color": {  "red": 2, "green": 96, "blue": 255, "alpha": 128 },
				"state": 0,
				"pattern": [ 9999999999999, 0 ]
			}
		},

		"6Присутствие": {
			"1": {
				"size": 0.2,
				"color": { "red": 255, "green": 0, "blue": 0, "alpha": 128  },
				"state": 0,
				"pattern": [ 200, 50, 450, 50, 200 ]
			},
	
			"2": {
				"size": 0.2,
				"color": { "red": 255, "green": 0, "blue": 0, "alpha": 128 },
				"state": 0,
				"pattern": [ 200, 50, 450, 50, 200 ]
			},
	
			"3": {
				"size": 0.2,
				"color": { "red": 255, "green": 0, "blue": 0, "alpha": 128 },
				"state": 0,
				"pattern": [ 200, 50, 450, 50, 200 ]
			},
	
			"4": {
				"size": 0.2,
				"color": { "red": 255, "green": 0, "blue": 0, "alpha": 128 },
				"state": 0,
				"pattern": [ 250, 50, 350, 50, 250 ]
			},
	
			"5": {
				"size": 0.2,
				"color": { "red": 255, "green": 0, "blue": 0, "alpha": 128  },
				"state": 0,
				"pattern": [ 250, 50, 350, 50, 250 ]
			},
	
			"6": {
				"size": 0.2,
				"color": { "red": 255, "green": 0, "blue": 0, "alpha": 128 },
				"state": 0,
				"pattern": [ 250, 50, 350, 50, 250 ]
			},
	
			"7": {
				"size": 0.2,
				"color": { "red": 255, "green": 0, "blue": 0, "alpha": 128 },
				"state": 0,
				"pattern": [ 300, 50, 250, 50, 300 ]
			},
	
			"8": {
				"size": 0.2,
				"color": { "red": 255, "green": 0, "blue": 0, "alpha": 128 },
				"state": 0,
				"pattern": [ 300, 50, 250, 50, 300 ]
			},
	
			"9": {
				"size": 0.2,
				"color": { "red": 255, "green": 0, "blue": 0, "alpha": 128  },
				"state": 0,
				"pattern": [ 300, 50, 250, 50, 300 ]
			},
	
			"10": {
				"size": 0.2,
				"color": { "red": 255, "green": 0, "blue": 0, "alpha": 128 },
				"state": 0,
				"pattern": [ 350, 50, 150, 50, 350 ]
			},
	
			"11": {
				"size": 0.2,
				"color": { "red": 255, "green": 0, "blue": 0, "alpha": 128 },
				"state": 0,
				"pattern": [ 350, 50, 150, 50, 350  ]
			},
	
			"12": {
				"size": 0.2,
				"color": { "red": 255, "green": 0, "blue": 0, "alpha": 128 },
				"state": 0,
				"pattern": [ 350, 50, 150, 50, 350  ]
			},
			
			"13": {
				"size": 0.2,
				"color": { "red": 255, "green": 0, "blue": 0, "alpha": 128  },
				"state": 0,
				"pattern": [ 350, 50, 150, 50, 350 ]
			},
	
			"14": {
				"size": 0.2,
				"color": { "red": 255, "green": 0, "blue": 0, "alpha": 128 },
				"state": 0,
				"pattern": [ 350, 50, 150, 50, 350 ]
			},
	
			"15": {
				"size": 0.2,
				"color": { "red": 255, "green": 0, "blue": 0, "alpha": 128 },
				"state": 0,
				"pattern": [ 350, 50, 150, 50, 350 ]
			},
	
			"16": {
				"size": 0.2,
				"color": { "red": 255, "green": 0, "blue": 0, "alpha": 128 },
				"state": 0,
				"pattern": [ 300, 50, 250, 50, 300 ]
			},
	
			"17": {
				"size": 0.2,
				"color": { "red": 255, "green": 0, "blue": 0, "alpha": 128  },
				"state": 0,
				"pattern": [ 300, 50, 250, 50, 300 ]
			},
	
			"18": {
				"size": 0.2,
				"color": { "red": 255, "green": 0, "blue": 0, "alpha": 128 },
				"state": 0,
				"pattern": [ 300, 50, 250, 50, 300 ]
			},
	
			"19": {
				"size": 0.2,
				"color": { "red": 255, "green": 0, "blue": 0, "alpha": 128 },
				"state": 0,
				"pattern": [ 250, 50, 350, 50, 250 ]
			},
	
			"20": {
				"size": 0.2,
				"color": { "red": 255, "green": 0, "blue": 0, "alpha": 128 },
				"state": 0,
				"pattern": [ 250, 50, 350, 50, 250 ]
			},
	
			"21": {
				"size": 0.2,
				"color": { "red": 255, "green": 0, "blue": 0, "alpha": 128  },
				"state": 0,
				"pattern": [ 250, 50, 350, 50, 250 ]
			},
	
			"22": {
				"size": 0.2,
				"color": { "red": 255, "green": 0, "blue": 0, "alpha": 128 },
				"state": 0,
				"pattern": [ 200, 50, 450, 50, 200 ]
			},
	
			"23": {
				"size": 0.2,
				"color": { "red": 255, "green": 0, "blue": 0, "alpha": 128 },
				"state": 0,
				"pattern": [ 200, 50, 450, 50, 200 ]
			},
	
			"24": {
				"size": 0.2,
				"color": { "red": 255, "green": 0, "blue": 0, "alpha": 128 },
				"state": 0,
				"pattern": [ 200, 50, 450, 50, 200 ]
			},
	
			"25": {
				"size": 0.2,
				"color": { "red": 2, "green": 96, "blue": 255, "alpha": 128 },
				"state": 0,
				"pattern": [ 150, 50, 550, 50, 150 ]
			},
	
			"26": {
				"size": 0.2,
				"color": { "red": 2, "green": 96, "blue": 255, "alpha": 128 },
				"state": 0,
				"pattern": [ 150, 50, 550, 50, 150 ]
			},
	
			"27": {
				"size": 0.2,
				"color": {  "red": 2, "green": 96, "blue": 255, "alpha": 128 },
				"state": 0,
				"pattern": [ 150, 50, 550, 50, 150 ]
			},
	
			"28": {
				"size": 0.2,
				"color": {  "red": 2, "green": 96, "blue": 255, "alpha": 128 },
				"state": 0,
				"pattern": [ 100, 50, 650, 50, 100 ]
			},
			
			"29": {
				"size": 0.2,
				"color": {  "red": 2, "green": 96, "blue": 255, "alpha": 128 },
				"state": 0,
				"pattern": [ 100, 50, 650, 50, 100 ]
			},
	
			"30": {
				"size": 0.2,
				"color": {  "red": 2, "green": 96, "blue": 255, "alpha": 128 },
				"state": 0,
				"pattern": [ 100, 50, 650, 50, 100 ]
			},
	
			"31": {
				"size": 0.2,
				"color": {  "red": 2, "green": 96, "blue": 255, "alpha": 128 },
				"state": 0,
				"pattern": [ 50, 50, 750, 50, 50 ]
			},
	
			"32": {
				"size": 0.2,
				"color": {  "red": 2, "green": 96, "blue": 255, "alpha": 128 },
				"state": 0,
				"pattern": [ 50, 50, 750, 50, 50 ]
			},
	
			"33": {
				"size": 0.2,
				"color": {  "red": 2, "green": 96, "blue": 255, "alpha": 128 },
				"state": 0,
				"pattern": [ 50, 50, 750, 50, 50  ]
			},
	
			"34": {
				"size": 0.2,
				"color": {  "red": 2, "green": 96, "blue": 255, "alpha": 128 },
				"state": 0,
				"pattern": [ 0, 50, 900 ]
			},
	
			"35": {
				"size": 0.2,
				"color": {  "red": 2, "green": 96, "blue": 255, "alpha": 128 },
				"state": 0,
				"pattern": [ 0, 50, 900 ]
			},
	
			"36": {
				"size": 0.2,
				"color": {  "red": 2, "green": 96, "blue": 255, "alpha": 128 },
				"state": 0,
				"pattern": [ 0, 50, 900 ]
			},
	
			"37": {
				"size": 0.2,
				"color": {  "red": 2, "green": 96, "blue": 255, "alpha": 128  },
				"state": 0,
				"pattern": [ 0, 50, 900 ]
			},
	
			"38": {
				"size": 0.2,
				"color": {  "red": 2, "green": 96, "blue": 255, "alpha": 128 },
				"state": 0,
				"pattern": [ 0, 50, 900 ]
			},
	
			"39": {
				"size": 0.2,
				"color": {  "red": 2, "green": 96, "blue": 255, "alpha": 128 },
				"state": 0,
				"pattern": [ 0, 50, 900 ]
			},
	
			"40": {
				"size": 0.2,
				"color": {  "red": 2, "green": 96, "blue": 255, "alpha": 128 },
				"state": 0,
				"pattern": [ 50, 50, 750, 50, 50 ]
			},
	
			"41": {
				"size": 0.2,
				"color": {  "red": 2, "green": 96, "blue": 255, "alpha": 128 },
				"state": 0,
				"pattern": [ 50, 50, 750, 50, 50 ]
			},
	
			"42": {
				"size": 0.2,
				"color": {  "red": 2, "green": 96, "blue": 255, "alpha": 128 },
				"state": 0,
				"pattern": [ 50, 50, 750, 50, 50 ]
			},
	
			"43": {
				"size": 0.2,
				"color": { "red": 2, "green": 96, "blue": 255, "alpha": 128 },
				"state": 0,
				"pattern": [ 100, 50, 650, 50, 100 ]
			},
	
			"44": {
				"size": 0.2,
				"color": {  "red": 2, "green": 96, "blue": 255, "alpha": 128 },
				"state": 0,
				"pattern": [ 100, 50, 650, 50, 100 ]
			},
			
			"45": {
				"size": 0.2,
				"color": {  "red": 2, "green": 96, "blue": 255, "alpha": 128 },
				"state": 0,
				"pattern": [ 100, 50, 650, 50, 100 ]
			},
	
			"46": {
				"size": 0.2,
				"color": {  "red": 2, "green": 96, "blue": 255, "alpha": 128 },
				"state": 0,
				"pattern": [ 150, 50, 550, 50, 150 ]
			},
	
			"47": {
				"size": 0.2,
				"color": {  "red": 2, "green": 96, "blue": 255, "alpha": 128 },
				"state": 0,
				"pattern": [ 150, 50, 550, 50, 150 ]
			},
	
			"48": {
				"size": 0.2,
				"color": {  "red": 2, "green": 96, "blue": 255, "alpha": 128 },
				"state": 0,
				"pattern": [ 150, 50, 550, 50, 150 ]
			}
		},

		"4Режим-3": {
			"1": {
				"size": 0.2,
				"color": { "red": 255, "green": 0, "blue": 0, "alpha": 128  },
				"state": 0,
				"pattern": [ 0, 50, 450 ]
			},
	
			"2": {
				"size": 0.2,
				"color": { "red": 255, "green": 0, "blue": 0, "alpha": 128 },
				"state": 0,
				"pattern": [ 0, 50, 450 ]
			},
	
			"3": {
				"size": 0.2,
				"color": { "red": 255, "green": 0, "blue": 0, "alpha": 128 },
				"state": 0,
				"pattern": [ 0, 50, 450 ]
			},
	
			"4": {
				"size": 0.2,
				"color": { "red": 255, "green": 0, "blue": 0, "alpha": 128 },
				"state": 0,
				"pattern": [ 50, 50, 400 ]
			},
	
			"5": {
				"size": 0.2,
				"color": { "red": 255, "green": 0, "blue": 0, "alpha": 128  },
				"state": 0,
				"pattern": [ 50, 50, 400 ]
			},
	
			"6": {
				"size": 0.2,
				"color": { "red": 255, "green": 0, "blue": 0, "alpha": 128 },
				"state": 0,
				"pattern": [ 50, 50, 400 ]
			},
	
			"7": {
				"size": 0.2,
				"color": { "red": 255, "green": 0, "blue": 0, "alpha": 128 },
				"state": 0,
				"pattern": [ 100, 50, 350 ]
			},
	
			"8": {
				"size": 0.2,
				"color": { "red": 255, "green": 0, "blue": 0, "alpha": 128 },
				"state": 0,
				"pattern": [ 100, 50, 350 ]
			},
	
			"9": {
				"size": 0.2,
				"color": { "red": 255, "green": 0, "blue": 0, "alpha": 128  },
				"state": 0,
				"pattern": [ 100, 50, 350 ]
			},
	
			"10": {
				"size": 0.2,
				"color": { "red": 255, "green": 0, "blue": 0, "alpha": 128 },
				"state": 0,
				"pattern": [ 150, 50, 300 ]
			},
	
			"11": {
				"size": 0.2,
				"color": { "red": 255, "green": 0, "blue": 0, "alpha": 128 },
				"state": 0,
				"pattern": [ 150, 50, 300 ]
			},
	
			"12": {
				"size": 0.2,
				"color": { "red": 255, "green": 0, "blue": 0, "alpha": 128 },
				"state": 0,
				"pattern": [ 150, 50, 300 ]
			},
			
			"13": {
				"size": 0.2,
				"color": { "red": 255, "green": 0, "blue": 0, "alpha": 128  },
				"state": 0,
				"pattern": [ 200, 50, 250 ]
			},
	
			"14": {
				"size": 0.2,
				"color": { "red": 255, "green": 0, "blue": 0, "alpha": 128 },
				"state": 0,
				"pattern": [ 200, 50, 250 ]
			},
	
			"15": {
				"size": 0.2,
				"color": { "red": 255, "green": 0, "blue": 0, "alpha": 128 },
				"state": 0,
				"pattern": [ 200, 50, 250 ]
			},
	
			"16": {
				"size": 0.2,
				"color": { "red": 255, "green": 0, "blue": 0, "alpha": 128 },
				"state": 0,
				"pattern": [ 250, 50, 200 ]
			},
	
			"17": {
				"size": 0.2,
				"color": { "red": 255, "green": 0, "blue": 0, "alpha": 128  },
				"state": 0,
				"pattern": [ 250, 50, 200 ]
			},
	
			"18": {
				"size": 0.2,
				"color": { "red": 255, "green": 0, "blue": 0, "alpha": 128 },
				"state": 0,
				"pattern": [ 250, 50, 200 ]
			},
	
			"19": {
				"size": 0.2,
				"color": { "red": 255, "green": 0, "blue": 0, "alpha": 128 },
				"state": 0,
				"pattern": [ 300, 50, 150 ]
			},
	
			"20": {
				"size": 0.2,
				"color": { "red": 255, "green": 0, "blue": 0, "alpha": 128 },
				"state": 0,
				"pattern": [ 300, 50, 150 ]
			},
	
			"21": {
				"size": 0.2,
				"color": { "red": 255, "green": 0, "blue": 0, "alpha": 128  },
				"state": 0,
				"pattern": [ 300, 50, 150 ]
			},
	
			"22": {
				"size": 0.2,
				"color": { "red": 255, "green": 0, "blue": 0, "alpha": 128 },
				"state": 0,
				"pattern": [ 350, 50, 100 ]
			},
	
			"23": {
				"size": 0.2,
				"color": { "red": 255, "green": 0, "blue": 0, "alpha": 128 },
				"state": 0,
				"pattern": [ 350, 50, 100 ]
			},
	
			"24": {
				"size": 0.2,
				"color": { "red": 255, "green": 0, "blue": 0, "alpha": 128 },
				"state": 0,
				"pattern": [ 350, 50, 100 ]
			},
	
			"25": {
				"size": 0.2,
				"color": { "red": 2, "green": 96, "blue": 255, "alpha": 128 },
				"state": 0,
				"pattern": [ 0, 50, 450 ]
			},
	
			"26": {
				"size": 0.2,
				"color": { "red": 2, "green": 96, "blue": 255, "alpha": 128 },
				"state": 0,
				"pattern": [ 0, 50, 450 ]
			},
	
			"27": {
				"size": 0.2,
				"color": {  "red": 2, "green": 96, "blue": 255, "alpha": 128 },
				"state": 0,
				"pattern": [ 0, 50, 450 ]
			},
	
			"28": {
				"size": 0.2,
				"color": {  "red": 2, "green": 96, "blue": 255, "alpha": 128 },
				"state": 0,
				"pattern": [ 50, 50, 400 ]
			},
			
			"29": {
				"size": 0.2,
				"color": {  "red": 2, "green": 96, "blue": 255, "alpha": 128 },
				"state": 0,
				"pattern": [ 50, 50, 400 ]
			},
	
			"30": {
				"size": 0.2,
				"color": {  "red": 2, "green": 96, "blue": 255, "alpha": 128 },
				"state": 0,
				"pattern": [ 50, 50, 400 ]
			},
	
			"31": {
				"size": 0.2,
				"color": {  "red": 2, "green": 96, "blue": 255, "alpha": 128 },
				"state": 0,
				"pattern": [ 100, 50, 350 ]
			},
	
			"32": {
				"size": 0.2,
				"color": {  "red": 2, "green": 96, "blue": 255, "alpha": 128 },
				"state": 0,
				"pattern": [ 100, 50, 350 ]
			},
	
			"33": {
				"size": 0.2,
				"color": {  "red": 2, "green": 96, "blue": 255, "alpha": 128 },
				"state": 0,
				"pattern": [ 100, 50, 350 ]
			},
	
			"34": {
				"size": 0.2,
				"color": {  "red": 2, "green": 96, "blue": 255, "alpha": 128 },
				"state": 0,
				"pattern": [ 150, 50, 300 ]
			},
	
			"35": {
				"size": 0.2,
				"color": {  "red": 2, "green": 96, "blue": 255, "alpha": 128 },
				"state": 0,
				"pattern": [ 150, 50, 300 ]
			},
	
			"36": {
				"size": 0.2,
				"color": {  "red": 2, "green": 96, "blue": 255, "alpha": 128 },
				"state": 0,
				"pattern": [ 150, 50, 300 ]
			},
	
			"37": {
				"size": 0.2,
				"color": {  "red": 2, "green": 96, "blue": 255, "alpha": 128  },
				"state": 0,
				"pattern": [ 200, 50, 250 ]
			},
	
			"38": {
				"size": 0.2,
				"color": {  "red": 2, "green": 96, "blue": 255, "alpha": 128 },
				"state": 0,
				"pattern": [ 200, 50, 250 ]
			},
	
			"39": {
				"size": 0.2,
				"color": {  "red": 2, "green": 96, "blue": 255, "alpha": 128 },
				"state": 0,
				"pattern": [ 200, 50, 250 ]
			},
	
			"40": {
				"size": 0.2,
				"color": {  "red": 2, "green": 96, "blue": 255, "alpha": 128 },
				"state": 0,
				"pattern": [ 250, 50, 200 ]
			},
	
			"41": {
				"size": 0.2,
				"color": {  "red": 2, "green": 96, "blue": 255, "alpha": 128 },
				"state": 0,
				"pattern": [ 250, 50, 200 ]
			},
	
			"42": {
				"size": 0.2,
				"color": {  "red": 2, "green": 96, "blue": 255, "alpha": 128 },
				"state": 0,
				"pattern": [ 250, 50, 200 ]
			},
	
			"43": {
				"size": 0.2,
				"color": { "red": 2, "green": 96, "blue": 255, "alpha": 128 },
				"state": 0,
				"pattern": [ 300, 50, 150 ]
			},
	
			"44": {
				"size": 0.2,
				"color": {  "red": 2, "green": 96, "blue": 255, "alpha": 128 },
				"state": 0,
				"pattern": [ 300, 50, 150 ]
			},
			
			"45": {
				"size": 0.2,
				"color": {  "red": 2, "green": 96, "blue": 255, "alpha": 128 },
				"state": 0,
				"pattern": [ 300, 50, 150 ]
			},
	
			"46": {
				"size": 0.2,
				"color": {  "red": 2, "green": 96, "blue": 255, "alpha": 128 },
				"state": 0,
				"pattern": [ 350, 50, 100 ]
			},
	
			"47": {
				"size": 0.2,
				"color": {  "red": 2, "green": 96, "blue": 255, "alpha": 128 },
				"state": 0,
				"pattern": [ 350, 50, 100 ]
			},
	
			"48": {
				"size": 0.2,
				"color": {  "red": 2, "green": 96, "blue": 255, "alpha": 128 },
				"state": 0,
				"pattern": [ 350, 50, 100 ]

			}
		},

		"5Режим-4": {
			"1": {
				"size": 0.2,
				"color": { "red": 255, "green": 0, "blue": 0, "alpha": 128  },
				"state": 0,
				"pattern": [ 0, 50, 450 ]
			},
	
			"2": {
				"size": 0.2,
				"color": { "red": 255, "green": 0, "blue": 0, "alpha": 128 },
				"state": 0,
				"pattern": [ 0, 50, 450 ]
			},
	
			"3": {
				"size": 0.2,
				"color": { "red": 255, "green": 0, "blue": 0, "alpha": 128 },
				"state": 0,
				"pattern": [ 0, 50, 450 ]
			},
	
			"4": {
				"size": 0.2,
				"color": { "red": 255, "green": 0, "blue": 0, "alpha": 128 },
				"state": 0,
				"pattern": [ 0, 50, 450 ]
			},
	
			"5": {
				"size": 0.2,
				"color": { "red": 255, "green": 0, "blue": 0, "alpha": 128  },
				"state": 0,
				"pattern": [ 50, 50, 400 ]
			},
	
			"6": {
				"size": 0.2,
				"color": { "red": 255, "green": 0, "blue": 0, "alpha": 128 },
				"state": 0,
				"pattern": [ 50, 50, 400 ]
			},
	
			"7": {
				"size": 0.2,
				"color": { "red": 255, "green": 0, "blue": 0, "alpha": 128 },
				"state": 0,
				"pattern": [ 50, 50, 400 ]
			},
	
			"8": {
				"size": 0.2,
				"color": { "red": 255, "green": 0, "blue": 0, "alpha": 128 },
				"state": 0,
				"pattern": [ 50, 50, 400 ]
			},
	
			"9": {
				"size": 0.2,
				"color": { "red": 255, "green": 0, "blue": 0, "alpha": 128  },
				"state": 0,
				"pattern": [ 100, 50, 350 ]
			},
	
			"10": {
				"size": 0.2,
				"color": { "red": 255, "green": 0, "blue": 0, "alpha": 128 },
				"state": 0,
				"pattern": [ 100, 50, 350 ]
			},
	
			"11": {
				"size": 0.2,
				"color": { "red": 255, "green": 0, "blue": 0, "alpha": 128 },
				"state": 0,
				"pattern": [ 100, 50, 350 ]
			},
	
			"12": {
				"size": 0.2,
				"color": { "red": 255, "green": 0, "blue": 0, "alpha": 128 },
				"state": 0,
				"pattern": [ 100, 50, 350 ]
			},
			
			"13": {
				"size": 0.2,
				"color": { "red": 255, "green": 0, "blue": 0, "alpha": 128  },
				"state": 0,
				"pattern": [ 150, 50, 300 ]
			},
	
			"14": {
				"size": 0.2,
				"color": { "red": 255, "green": 0, "blue": 0, "alpha": 128 },
				"state": 0,
				"pattern": [ 150, 50, 300 ]
			},
	
			"15": {
				"size": 0.2,
				"color": { "red": 255, "green": 0, "blue": 0, "alpha": 128 },
				"state": 0,
				"pattern": [ 150, 50, 300 ]
			},
	
			"16": {
				"size": 0.2,
				"color": { "red": 255, "green": 0, "blue": 0, "alpha": 128 },
				"state": 0,
				"pattern": [ 150, 50, 300 ]
			},
	
			"17": {
				"size": 0.2,
				"color": { "red": 255, "green": 0, "blue": 0, "alpha": 128  },
				"state": 0,
				"pattern": [ 200, 50, 250 ]
			},
	
			"18": {
				"size": 0.2,
				"color": { "red": 255, "green": 0, "blue": 0, "alpha": 128 },
				"state": 0,
				"pattern": [ 200, 50, 250 ]
			},
	
			"19": {
				"size": 0.2,
				"color": { "red": 255, "green": 0, "blue": 0, "alpha": 128 },
				"state": 0,
				"pattern": [ 200, 50, 250 ]
			},
	
			"20": {
				"size": 0.2,
				"color": { "red": 255, "green": 0, "blue": 0, "alpha": 128 },
				"state": 0,
				"pattern": [ 200, 50, 250 ]
			},
	
			"21": {
				"size": 0.2,
				"color": { "red": 255, "green": 0, "blue": 0, "alpha": 128  },
				"state": 0,
				"pattern": [ 250, 50, 200 ]
			},
	
			"22": {
				"size": 0.2,
				"color": { "red": 255, "green": 0, "blue": 0, "alpha": 128 },
				"state": 0,
				"pattern": [ 250, 50, 200 ]
			},
	
			"23": {
				"size": 0.2,
				"color": { "red": 255, "green": 0, "blue": 0, "alpha": 128 },
				"state": 0,
				"pattern": [ 250, 50, 200 ]
			},
	
			"24": {
				"size": 0.2,
				"color": { "red": 255, "green": 0, "blue": 0, "alpha": 128 },
				"state": 0,
				"pattern": [ 250, 50, 200 ]
			},
	
			"25": {
				"size": 0.2,
				"color": { "red": 2, "green": 96, "blue": 255, "alpha": 128 },
				"state": 0,
				"pattern": [ 300, 50, 150 ]
			},
	
			"26": {
				"size": 0.2,
				"color": { "red": 2, "green": 96, "blue": 255, "alpha": 128 },
				"state": 0,
				"pattern": [ 300, 50, 150 ]
			},
	
			"27": {
				"size": 0.2,
				"color": {  "red": 2, "green": 96, "blue": 255, "alpha": 128 },
				"state": 0,
				"pattern": [ 300, 50, 150 ]
			},
	
			"28": {
				"size": 0.2,
				"color": {  "red": 2, "green": 96, "blue": 255, "alpha": 128 },
				"state": 0,
				"pattern": [ 300, 50, 150 ]
			},
			
			"29": {
				"size": 0.2,
				"color": {  "red": 2, "green": 96, "blue": 255, "alpha": 128 },
				"state": 0,
				"pattern": [ 350, 50, 100 ]
			},
	
			"30": {
				"size": 0.2,
				"color": {  "red": 2, "green": 96, "blue": 255, "alpha": 128 },
				"state": 0,
				"pattern": [ 350, 50, 100 ]
			},
	
			"31": {
				"size": 0.2,
				"color": {  "red": 2, "green": 96, "blue": 255, "alpha": 128 },
				"state": 0,
				"pattern": [ 350, 50, 100 ]
			},
	
			"32": {
				"size": 0.2,
				"color": {  "red": 2, "green": 96, "blue": 255, "alpha": 128 },
				"state": 0,
				"pattern": [ 350, 50, 100 ]
			},
	
			"33": {
				"size": 0.2,
				"color": {  "red": 2, "green": 96, "blue": 255, "alpha": 128 },
				"state": 0,
				"pattern": [ 400, 50, 50 ]
			},
	
			"34": {
				"size": 0.2,
				"color": {  "red": 2, "green": 96, "blue": 255, "alpha": 128 },
				"state": 0,
				"pattern": [ 400, 50, 50 ]
			},
	
			"35": {
				"size": 0.2,
				"color": {  "red": 2, "green": 96, "blue": 255, "alpha": 128 },
				"state": 0,
				"pattern": [ 400, 50, 50 ]
			},
	
			"36": {
				"size": 0.2,
				"color": {  "red": 2, "green": 96, "blue": 255, "alpha": 128 },
				"state": 0,
				"pattern": [ 400, 50, 50 ]
			},
	
			"37": {
				"size": 0.2,
				"color": {  "red": 2, "green": 96, "blue": 255, "alpha": 128  },
				"state": 0,
				"pattern": [ 450, 50 ]
			},
	
			"38": {
				"size": 0.2,
				"color": {  "red": 2, "green": 96, "blue": 255, "alpha": 128 },
				"state": 0,
				"pattern": [ 450, 50 ]
			},
	
			"39": {
				"size": 0.2,
				"color": {  "red": 2, "green": 96, "blue": 255, "alpha": 128 },
				"state": 0,
				"pattern": [ 450, 50 ]
			},
	
			"40": {
				"size": 0.2,
				"color": {  "red": 2, "green": 96, "blue": 255, "alpha": 128 },
				"state": 0,
				"pattern": [ 450, 50 ]
			},
	
			"41": {
				"size": 0.2,
				"color": {  "red": 2, "green": 96, "blue": 255, "alpha": 128 },
				"state": 0,
				"pattern": [ 0, 50, 450 ]
			},
	
			"42": {
				"size": 0.2,
				"color": {  "red": 2, "green": 96, "blue": 255, "alpha": 128 },
				"state": 0,
				"pattern": [ 0, 50, 450 ]
			},
	
			"43": {
				"size": 0.2,
				"color": { "red": 2, "green": 96, "blue": 255, "alpha": 128 },
				"state": 0,
				"pattern": [ 0, 50, 450 ]
			},
	
			"44": {
				"size": 0.2,
				"color": {  "red": 2, "green": 96, "blue": 255, "alpha": 128 },
				"state": 0,
				"pattern": [ 0, 50, 450 ]
			},
			
			"45": {
				"size": 0.2,
				"color": {  "red": 2, "green": 96, "blue": 255, "alpha": 128 },
				"state": 0,
				"pattern": [ 50, 50, 400 ]
			},
	
			"46": {
				"size": 0.2,
				"color": {  "red": 2, "green": 96, "blue": 255, "alpha": 128 },
				"state": 0,
				"pattern": [ 50, 50, 400 ]
			},
	
			"47": {
				"size": 0.2,
				"color": {  "red": 2, "green": 96, "blue": 255, "alpha": 128 },
				"state": 0,
				"pattern": [ 50, 50, 400 ]
			},
	
			"48": {
				"size": 0.2,
				"color": {  "red": 2, "green": 96, "blue": 255, "alpha": 128 },
				"state": 0,
				"pattern": [ 50, 50, 400 ]
	   }
     }
   }
 
