{
	"горячая клавиша ДПС": null,
	"1": {
		   "1": {
		        "size": 0.19,
				"color": { "red": 255, "green": 0, "blue": 0, "alpha": 175  },
				"state": 1,
				"pattern": [ 50, 50, 50, 50, 50, 300  ]
			},
	
			"2": {
				"size": 0.19,
				"color": { "red": 255, "green": 0, "blue": 0, "alpha": 175 },
				"state": 1,
				"pattern": [ 50, 50, 50, 50, 50, 300  ]
			},
	
			"3": {
				"size": 0.19,
				"color": { "red": 255, "green": 0, "blue": 0, "alpha": 175 },
				"state": 1,
				"pattern": [ 50, 50, 50, 50, 50, 300  ]
			},
	
			"4": {
				"size": 0.19,
				"color": { "red": 255, "green": 0, "blue": 0, "alpha": 175  },
				"state": 1,
				"pattern": [ 50, 50, 50, 50, 50, 300  ]
			},
	
			"5": {
				"size": 0.19,
				"color": { "red": 255, "green": 0, "blue": 0, "alpha": 175 },
				"state": 1,
				"pattern": [ 50, 50, 50, 50, 50, 300  ]
			},
	
			"6": {
				"size": 0.19,
				"color": { "red": 255, "green": 0, "blue": 0, "alpha": 175  },
				"state": 1,
				"pattern": [ 50, 50, 50, 50, 50, 300  ]
			},
	
			"7": {
				"size": 0.19,
				"color": { "red": 255, "green": 0, "blue": 0, "alpha": 175 },
				"state": 1,
				"pattern": [ 50, 50, 50, 50, 50, 300  ]
			},
	
			"8": {
				"size": 0.19,
				"color": { "red": 255, "green": 0, "blue": 0, "alpha": 175 },
				"state": 1,
				"pattern": [ 50, 50, 50, 50, 50, 300  ]
			},
	
			"9": {
				"size": 0.19,
				"color": { "red": 255, "green": 0, "blue": 0, "alpha": 175 },
				"state": 1,
				"pattern": [ 50, 50, 50, 50, 50, 300  ]
			},
			
			"10": {
				"size": 0.19,
				"color": { "red": 255, "green": 0, "blue": 0, "alpha": 175  },
				"state": 0,
				"pattern": [ 300, 50, 50, 50, 50, 50  ]
			},
	
			"11": {
				"size": 0.19,
				"color": { "red": 255, "green": 0, "blue": 0, "alpha": 175 },
				"state": 0,
				"pattern": [ 300, 50, 50, 50, 50, 50  ]
			},
	
			"12": {
				"size": 0.19,
				"color": { "red": 255, "green": 0, "blue": 0, "alpha": 175 },
				"state": 0,
				"pattern": [ 300, 50, 50, 50, 50, 50  ]
			},
	
			"13": {
				"size": 0.19,
				"color": { "red": 255, "green": 0, "blue": 0, "alpha": 175 },
				"state": 0,
				"pattern": [ 300, 50, 50, 50, 50, 50  ]
			},
	
			"14": {
				"size": 0.19,
				"color": { "red": 255, "green": 0, "blue": 0, "alpha": 175 },
				"state": 0,
				"pattern": [ 300, 50, 50, 50, 50, 50  ]
			},
	
			"15": {
				"size": 0.19,
				"color": { "red": 255, "green": 0, "blue": 0, "alpha": 175 },
				"state": 0,
				"pattern": [ 300, 50, 50, 50, 50, 50  ]
			},
	
			"16": {
				"size": 0.19,
				"color": { "red": 255, "green": 0, "blue": 0, "alpha": 175 },
				"state": 0,
				"pattern": [ 300, 50, 50, 50, 50, 50  ]
			},
	
			"17": {
				"size": 0.19,
				"color": { "red": 255, "green": 0, "blue": 0, "alpha": 175 },
				"state": 0,
				"pattern": [ 300, 50, 50, 50, 50, 50  ]
			},
	
			"18": {
				"size": 0.19,
				"color": { "red": 255, "green": 0, "blue": 0, "alpha": 175 },
				"state": 0,
				"pattern": [ 300, 50, 50, 50, 50, 50  ]
			},
	
			"19": {
				"size": 0.19,
				"color": { "red": 2, "green": 96, "blue": 255, "alpha": 175 },
				"state": 1,
				"pattern": [ 50, 50, 50, 50, 50, 300  ]
			},
	
			"20": {
				"size": 0.19,
				"color": { "red": 2, "green": 96, "blue": 255, "alpha": 175 },
				"state": 1,
				"pattern": [ 50, 50, 50, 50, 50, 300  ]
			},
	
			"21": {
				"size": 0.19,
				"color": {  "red": 2, "green": 96, "blue": 255, "alpha": 175 },
				"state": 1,
				"pattern": [ 50, 50, 50, 50, 50, 300  ]
			},
			
			"22": {
				"size": 0.19,
				"color": {  "red": 2, "green": 96, "blue": 255, "alpha": 175 },
				"state": 1,
				"pattern": [ 50, 50, 50, 50, 50, 300  ]
			},
	
			"23": {
				"size": 0.19,
				"color": {  "red": 2, "green": 96, "blue": 255, "alpha": 175 },
				"state": 1,
				"pattern": [ 50, 50, 50, 50, 50, 300  ]
			},
	
			"24": {
				"size": 0.19,
				"color": {  "red": 2, "green": 96, "blue": 255, "alpha": 175 },
				"state": 1,
				"pattern": [ 50, 50, 50, 50, 50, 300  ]
			},
	
			"25": {
				"size": 0.19,
				"color": {  "red": 2, "green": 96, "blue": 255, "alpha": 175 },
				"state": 1,
				"pattern": [ 50, 50, 50, 50, 50, 300  ]
			},
	
			"26": {
				"size": 0.19,
				"color": {  "red": 2, "green": 96, "blue": 255, "alpha": 175 },
				"state": 1,
				"pattern": [ 50, 50, 50, 50, 50, 300  ]
			},
	
			"27": {
				"size": 0.19,
				"color": {  "red": 2, "green": 96, "blue": 255, "alpha": 175 },
				"state": 1,
				"pattern": [ 50, 50, 50, 50, 50, 300  ]
			},
	
			"28": {
				"size": 0.19,
				"color": {  "red": 2, "green": 96, "blue": 255, "alpha": 175  },
				"state": 0,
				"pattern": [ 300, 50, 50, 50, 50, 50  ]
			},
	
			"29": {
				"size": 0.19,
				"color": {  "red": 2, "green": 96, "blue": 255, "alpha": 175 },
				"state": 0,
				"pattern": [ 300, 50, 50, 50, 50, 50  ]
			},
	
			"30": {
				"size": 0.19,
				"color": {  "red": 2, "green": 96, "blue": 255, "alpha": 175 },
				"state": 0,
				"pattern": [ 300, 50, 50, 50, 50, 50  ]
			},
	
			"31": {
				"size": 0.19,
				"color": {  "red": 2, "green": 96, "blue": 255, "alpha": 175 },
				"state": 0,
				"pattern": [ 300, 50, 50, 50, 50, 50  ]
			},

			"32": {
				"size": 0.19,
				"color": {  "red": 2, "green": 96, "blue": 255, "alpha": 175 },
				"state": 0,
				"pattern": [ 300, 50, 50, 50, 50, 50  ]
			},
	
			"33": {
				"size": 0.19,
				"color": {  "red": 2, "green": 96, "blue": 255, "alpha": 175 },
				"state": 0,
				"pattern": [ 300, 50, 50, 50, 50, 50  ]
			},
			
			"34": {
				"size": 0.19,
				"color": {  "red": 2, "green": 96, "blue": 255, "alpha": 175 },
				"state": 0,
				"pattern": [ 300, 50, 50, 50, 50, 50  ]
			},
	
			"35": {
				"size": 0.19,
				"color": {  "red": 2, "green": 96, "blue": 255, "alpha": 175 },
				"state": 0,
				"pattern": [ 300, 50, 50, 50, 50, 50  ]
			},
	
			"36": {
				"size": 0.19,
				"color": {  "red": 2, "green": 96, "blue": 255, "alpha": 175 },
				"state": 0,
				"pattern": [ 300, 50, 50, 50, 50, 50  ]
			}
		},
			"вперед-назад ДПС": null,
			"3": {
				"1": {
				"size": 0.19,
				"color": { "red": 255, "green": 0, "blue": 0, "alpha": 175  },
				"state": 1,
				"pattern": [ 50, 50, 50, 50, 50, 300 ]
				},
		
				"2": {
				"size": 0.19,
				"color": { "red": 255, "green": 0, "blue": 0, "alpha": 175 },
				"state": 1,
				"pattern": [ 50, 50, 50, 50, 50, 300 ]
				},
		
				"3": {
				"size": 0.19,
				"color": { "red": 255, "green": 0, "blue": 0, "alpha": 175 },
				"state": 1,
				"pattern": [ 50, 50, 50, 50, 50, 300 ]
				},
		
				"4": {
				"size": 0.19,
				"color": { "red": 255, "green": 0, "blue": 0, "alpha": 175  },
				"state": 1,
				"pattern": [ 50, 50, 50, 50, 50, 300 ]
				},
		
				"5": {
				"size": 0.19,
				"color": { "red": 255, "green": 0, "blue": 0, "alpha": 175 },
				"state": 1,
				"pattern": [ 50, 50, 50, 50, 50, 300 ]
				},
		
				"6": {
				"size": 0.19,
				"color": { "red": 255, "green": 0, "blue": 0, "alpha": 175  },
				"state": 1,
				"pattern": [ 50, 50, 50, 50, 50, 300 ]
				},
		
				"7": {
				"size": 0.19,
				"color": { "red": 255, "green": 0, "blue": 0, "alpha": 175 },
				"state": 1,
				"pattern": [ 50, 50, 50, 50, 50, 300 ]
				},
		
				"8": {
				"size": 0.19,
				"color": { "red": 255, "green": 0, "blue": 0, "alpha": 175 },
				"state": 1,
				"pattern": [ 50, 50, 50, 50, 50, 300 ]
				},
		
				"9": {
				"size": 0.19,
				"color": { "red": 255, "green": 0, "blue": 0, "alpha": 175 },
				"state": 1,
				"pattern": [ 50, 50, 50, 50, 50, 300 ]
				},
				
				"10": {
				"size": 0.19,
				"color": { "red": 255, "green": 0, "blue": 0, "alpha": 175  },
				"state": 1,
				"pattern": [ 50, 50, 50, 50, 50, 300 ]
				},
		
				"11": {
				"size": 0.19,
				"color": { "red": 255, "green": 0, "blue": 0, "alpha": 175 },
				"state": 0,
				"pattern": [ 300, 50, 50, 50, 50, 50  ]
				},
		
				"12": {
				"size": 0.19,
				"color": { "red": 255, "green": 0, "blue": 0, "alpha": 175 },
				"state": 0,
				"pattern": [ 300, 50, 50, 50, 50, 50  ]
				},
		
				"13": {
				"size": 0.19,
				"color": { "red": 255, "green": 0, "blue": 0, "alpha": 175 },
				"state": 0,
				"pattern": [ 300, 50, 50, 50, 50, 50  ]
				},
		
				"14": {
					"size": 0.19,
					"color": { "red": 255, "green": 0, "blue": 0, "alpha": 175 },
					"state": 0,
					"pattern": [ 300, 50, 50, 50, 50, 50  ]
				},
		
				"15": {
					"size": 0.19,
					"color": { "red": 255, "green": 0, "blue": 0, "alpha": 175 },
					"state": 0,
					"pattern": [ 300, 50, 50, 50, 50, 50  ]
				},
		
				"16": {
					"size": 0.19,
					"color": { "red": 255, "green": 0, "blue": 0, "alpha": 175 },
					"state": 0,
					"pattern": [ 300, 50, 50, 50, 50, 50  ]
				},
		
				"17": {
					"size": 0.19,
					"color": { "red": 255, "green": 0, "blue": 0, "alpha": 175 },
					"state": 0,
					"pattern": [ 300, 50, 50, 50, 50, 50  ]
				},
		
				"18": {
					"size": 0.19,
					"color": { "red": 255, "green": 0, "blue": 0, "alpha": 175 },
					"state": 0,
					"pattern": [ 300, 50, 50, 50, 50, 50  ]
				},
		
				"19": {
					"size": 0.19,
					"color": { "red": 2, "green": 96, "blue": 255, "alpha": 175 },
					"state": 0,
					"pattern": [ 300, 50, 50, 50, 50, 50  ]
				},
		
				"20": {
					"size": 0.19,
					"color": { "red": 2, "green": 96, "blue": 255, "alpha": 175 },
					"state": 0,
					"pattern": [ 300, 50, 50, 50, 50, 50  ]
				},
		
				"21": {
					"size": 0.19,
					"color": {  "red": 2, "green": 96, "blue": 255, "alpha": 175 },
					"state": 0,
					"pattern": [ 300, 50, 50, 50, 50, 50  ]
				},
				
				"22": {
					"size": 0.19,
					"color": {  "red": 2, "green": 96, "blue": 255, "alpha": 175 },
					"state": 0,
					"pattern": [ 300, 50, 50, 50, 50, 50  ]
				},
		
				"23": {
					"size": 0.19,
					"color": {  "red": 2, "green": 96, "blue": 255, "alpha": 175 },
					"state": 0,
					"pattern": [ 300, 50, 50, 50, 50, 50  ]
				},
		
				"24": {
					"size": 0.19,
					"color": {  "red": 2, "green": 96, "blue": 255, "alpha": 175 },
					"state": 0,
					"pattern": [ 300, 50, 50, 50, 50, 50  ]
				},
		
				"25": {
					"size": 0.19,
					"color": {  "red": 2, "green": 96, "blue": 255, "alpha": 175 },
					"state": 0,
					"pattern": [ 300, 50, 50, 50, 50, 50  ]
				},
		
				"26": {
					"size": 0.19,
					"color": {  "red": 2, "green": 96, "blue": 255, "alpha": 175 },
					"state": 0,
						"pattern": [ 300, 50, 50, 50, 50, 50  ]
				},
		
				"27": {
					"size": 0.19,
					"color": {  "red": 2, "green": 96, "blue": 255, "alpha": 175 },
					"state": 0,
					"pattern": [ 300, 50, 50, 50, 50, 50  ]
				},
		
				"28": {
					"size": 0.19,
					"color": {  "red": 2, "green": 96, "blue": 255, "alpha": 175  },
					"state": 1,
					"pattern": [ 50, 50, 50, 50, 50, 300 ]
				},
		
				"29": {
					"size": 0.19,
					"color": {  "red": 2, "green": 96, "blue": 255, "alpha": 175 },
					"state": 1,
					"pattern": [ 50, 50, 50, 50, 50, 300 ]
				},
		
				"30": {
					"size": 0.19,
					"color": {  "red": 2, "green": 96, "blue": 255, "alpha": 175 },
					"state": 1,
					"pattern": [ 50, 50, 50, 50, 50, 300 ]
				},
		
				"31": {
					"size": 0.19,
					"color": {  "red": 2, "green": 96, "blue": 255, "alpha": 175 },
					"state": 1,
					"pattern": [ 50, 50, 50, 50, 50, 300 ]
				},
		
				"32": {
					"size": 0.19,
					"color": {  "red": 2, "green": 96, "blue": 255, "alpha": 175 },
					"state": 1,
					"pattern": [ 50, 50, 50, 50, 50, 300 ]
				},
		
				"33": {
					"size": 0.19,
					"color": {  "red": 2, "green": 96, "blue": 255, "alpha": 175 },
					"state": 1,
					"pattern": [ 50, 50, 50, 50, 50, 300 ]
				},
		
				"34": {
					"size": 0.19,
					"color": {  "red": 2, "green": 96, "blue": 255, "alpha": 175 },
					"state": 1,
					"pattern": [ 50, 50, 50, 50, 50, 300 ]
				},
		
				"35": {
					"size": 0.19,
					"color": {  "red": 2, "green": 96, "blue": 255, "alpha": 175 },
					"state": 1,
					"pattern": [ 50, 50, 50, 50, 50, 300 ]
				},
		
				"36": {
					"size": 0.19,
					"color": {  "red": 2, "green": 96, "blue": 255, "alpha": 175 },
					"state": 1,
					"pattern": [ 50, 50, 50, 50, 50, 300 ]
				},

				"37": {
					"size": 0.19,
					"color": {  "red": 2, "green": 96, "blue": 255, "alpha": 175 },
					"state": 0,
					"pattern": [ 450, 450 ]
				},

				"38": {
					"size": 0.19,
					"color": {  "red": 2, "green": 96, "blue": 255, "alpha": 175 },
					"state": 1,
					"pattern": [ 450, 450 ]
				}
			},

				"лево-право ДПС": null,
				"2": {
					"1": {
						"size": 0.19,
						"color": { "red": 255, "green": 0, "blue": 0, "alpha": 175  },
						"state": 1,
						"pattern": [ 50, 50, 50, 50, 50, 300 ]
					},
			
					"2": {
						"size": 0.19,
						"color": { "red": 255, "green": 0, "blue": 0, "alpha": 175 },
						"state": 1,
						"pattern": [ 50, 50, 50, 50, 50, 300 ]
					},
			
					"3": {
						"size": 0.19,
						"color": { "red": 255, "green": 0, "blue": 0, "alpha": 175 },
						"state": 1,
						"pattern": [ 50, 50, 50, 50, 50, 300 ]
					},

					"4": {
						"size": 0.19,
						"color": { "red": 255, "green": 0, "blue": 0, "alpha": 175  },
						"state": 1,
						"pattern": [ 50, 50, 50, 50, 50, 300 ]
					},
			
					"5": {
						"size": 0.19,
						"color": { "red": 255, "green": 0, "blue": 0, "alpha": 175 },
						"state": 1,
						"pattern": [ 50, 50, 50, 50, 50, 300 ]
					},
			
					"6": {
						"size": 0.19,
						"color": { "red": 255, "green": 0, "blue": 0, "alpha": 175  },
						"state": 1,
						"pattern": [ 50, 50, 50, 50, 50, 300 ]
					},
			
					"7": {
						"size": 0.19,
						"color": { "red": 255, "green": 0, "blue": 0, "alpha": 175 },
						"state": 1,
						"pattern": [ 50, 50, 50, 50, 50, 300 ]
					},
			
					"8": {
						"size": 0.19,
						"color": { "red": 255, "green": 0, "blue": 0, "alpha": 175 },
						"state": 1,
						"pattern": [ 50, 50, 50, 50, 50, 300 ]
					},
			
					"9": {
						"size": 0.19,
						"color": { "red": 255, "green": 0, "blue": 0, "alpha": 175 },
						"state": 1,
						"pattern": [ 50, 50, 50, 50, 50, 300 ]
					},
					
					"10": {
						"size": 0.19,
						"color": { "red": 255, "green": 0, "blue": 0, "alpha": 175  },
						"state": 1,
						"pattern": [ 50, 50, 50, 50, 50, 300 ]
					},
			
					"11": {
						"size": 0.19,
						"color": { "red": 255, "green": 0, "blue": 0, "alpha": 175 },
						"state": 1,
						"pattern": [ 50, 50, 50, 50, 50, 300 ]
					},
			
					"12": {
						"size": 0.19,
						"color": { "red": 255, "green": 0, "blue": 0, "alpha": 175 },
						"state": 1,
						"pattern": [ 50, 50, 50, 50, 50, 300 ]
					},
			
					"13": {
						"size": 0.19,
						"color": { "red": 255, "green": 0, "blue": 0, "alpha": 175 },
						"state": 1,
						"pattern": [ 50, 50, 50, 50, 50, 300 ]
					},
			
					"14": {
						"size": 0.19,
						"color": { "red": 255, "green": 0, "blue": 0, "alpha": 175 },
						"state": 1,
						"pattern": [ 50, 50, 50, 50, 50, 300 ]
					},
			
					"15": {
						"size": 0.19,
						"color": { "red": 255, "green": 0, "blue": 0, "alpha": 175 },
						"state": 1,
						"pattern": [ 50, 50, 50, 50, 50, 300 ]
					},
			
					"16": {
						"size": 0.19,
						"color": { "red": 255, "green": 0, "blue": 0, "alpha": 175 },
						"state": 1,
						"pattern": [ 50, 50, 50, 50, 50, 300 ]
					},
			
					"17": {
						"size": 0.19,
						"color": { "red": 255, "green": 0, "blue": 0, "alpha": 175 },
						"state": 1,
						"pattern": [ 50, 50, 50, 50, 50, 300 ]
					},
			
					"18": {
						"size": 0.19,
						"color": { "red": 255, "green": 0, "blue": 0, "alpha": 175 },
						"state": 1,
						"pattern": [ 50, 50, 50, 50, 50, 300 ]
					},
			
					"19": {
						"size": 0.19,
						"color": { "red": 2, "green": 96, "blue": 255, "alpha": 175 },
						"state": 0,
						"pattern": [ 300, 50, 50, 50, 50, 50 ]
					},
			
					"20": {
						"size": 0.19,
						"color": { "red": 2, "green": 96, "blue": 255, "alpha": 175 },
						"state": 0,
						"pattern": [ 300, 50, 50, 50, 50, 50 ]
					},
			
					"21": {
						"size": 0.19,
						"color": {  "red": 2, "green": 96, "blue": 255, "alpha": 175 },
						"state": 0,
						"pattern": [ 300, 50, 50, 50, 50, 50 ]
					},
					
					"22": {
						"size": 0.19,
						"color": {  "red": 2, "green": 96, "blue": 255, "alpha": 175 },
						"state": 0,
						"pattern": [ 300, 50, 50, 50, 50, 50 ]
					},
			
					"23": {
						"size": 0.19,
						"color": {  "red": 2, "green": 96, "blue": 255, "alpha": 175 },
						"state": 0,
						"pattern": [ 300, 50, 50, 50, 50, 50 ]
					},
			
					"24": {
						"size": 0.19,
						"color": {  "red": 2, "green": 96, "blue": 255, "alpha": 175 },
						"state": 0,
						"pattern": [ 300, 50, 50, 50, 50, 50 ]
					},
			
					"25": {
						"size": 0.19,
						"color": {  "red": 2, "green": 96, "blue": 255, "alpha": 175 },
						"state": 0,
						"pattern": [ 300, 50, 50, 50, 50, 50 ]
					},
			
					"26": {
						"size": 0.19,
						"color": {  "red": 2, "green": 96, "blue": 255, "alpha": 175 },
						"state": 0,
						"pattern": [ 300, 50, 50, 50, 50, 50 ]
					},
			
					"27": {
						"size": 0.19,
						"color": {  "red": 2, "green": 96, "blue": 255, "alpha": 175 },
						"state": 0,
						"pattern": [ 300, 50, 50, 50, 50, 50 ]
					},
			
					"28": {
						"size": 0.19,
						"color": {  "red": 2, "green": 96, "blue": 255, "alpha": 175  },
						"state": 0,
						"pattern": [ 300, 50, 50, 50, 50, 50 ]
					},
			
					"29": {
						"size": 0.19,
						"color": {  "red": 2, "green": 96, "blue": 255, "alpha": 175 },
						"state": 0,
						"pattern": [ 300, 50, 50, 50, 50, 50 ]
					},
			
					"30": {
						"size": 0.19,
						"color": {  "red": 2, "green": 96, "blue": 255, "alpha": 175 },
						"state": 0,
						"pattern": [ 300, 50, 50, 50, 50, 50 ]
					},
			
					"31": {
						"size": 0.19,
						"color": {  "red": 2, "green": 96, "blue": 255, "alpha": 175 },
						"state": 0,
						"pattern": [ 300, 50, 50, 50, 50, 50 ]
					},
			
					"32": {
						"size": 0.19,
						"color": {  "red": 2, "green": 96, "blue": 255, "alpha": 175 },
						"state": 0,
						"pattern": [ 300, 50, 50, 50, 50, 50 ]
					},
			
					"33": {
						"size": 0.19,
						"color": {  "red": 2, "green": 96, "blue": 255, "alpha": 175 },
						"state": 0,
						"pattern": [ 300, 50, 50, 50, 50, 50 ]
					},
			
					"34": {
						"size": 0.19,
						"color": {  "red": 2, "green": 96, "blue": 255, "alpha": 175 },
						"state": 0,
						"pattern": [ 300, 50, 50, 50, 50, 50 ]
					},
			
					"35": {
						"size": 0.19,
						"color": {  "red": 2, "green": 96, "blue": 255, "alpha": 175 },
						"state": 0,
						"pattern": [ 300, 50, 50, 50, 50, 50 ]
					},
			
					"36": {
						"size": 0.19,
						"color": {  "red": 2, "green": 96, "blue": 255, "alpha": 175 },
						"state": 0,
						"pattern": [ 300, 50, 50, 50, 50, 50 ]
		}
	},

		"Присутствие ДПС": null,
		"4": {
			"1": {
				"size": 0.19,
				"color": { "red": 255, "green": 0, "blue": 0, "alpha": 175  },
				"state": 0,
				"pattern": [ 200, 50, 450, 50, 200 ]
			},
	
			"2": {
				"size": 0.19,
				"color": { "red": 255, "green": 0, "blue": 0, "alpha": 175 },
				"state": 0,
				"pattern": [ 200, 50, 450, 50, 200 ]
			},
	
			"3": {
				"size": 0.19,
				"color": { "red": 255, "green": 0, "blue": 0, "alpha": 175 },
				"state": 0,
				"pattern": [ 200, 50, 450, 50, 200 ]
			},
	
			"4": {
				"size": 0.19,
				"color": { "red": 255, "green": 0, "blue": 0, "alpha": 175  },
				"state": 0,
				"pattern": [ 250, 50, 350, 50, 250 ]
			},
	
			"5": {
				"size": 0.19,
				"color": { "red": 255, "green": 0, "blue": 0, "alpha": 175 },
				"state": 0,
				"pattern": [ 300, 50, 250, 50, 300 ]
			},
	
			"6": {
				"size": 0.19,
				"color": { "red": 255, "green": 0, "blue": 0, "alpha": 175  },
				"state": 0,
				"pattern": [ 300, 50, 250, 50, 300 ]
			},
	
			"7": {
				"size": 0.19,
				"color": { "red": 255, "green": 0, "blue": 0, "alpha": 175 },
				"state": 0,
				"pattern": [ 350, 50, 150, 50, 350 ]
			},
	
			"8": {
				"size": 0.19,
				"color": { "red": 255, "green": 0, "blue": 0, "alpha": 175 },
				"state": 0,
				"pattern": [ 350, 50, 150, 50, 350  ]
			},
	
			"9": {
				"size": 0.19,
				"color": { "red": 255, "green": 0, "blue": 0, "alpha": 175 },
				"state": 0,
				"pattern": [ 350, 50, 150, 50, 350  ]
			},
			
			"10": {
				"size": 0.19,
				"color": { "red": 255, "green": 0, "blue": 0, "alpha": 175  },
				"state": 0,
				"pattern": [ 350, 50, 150, 50, 350 ]
			},
	
			"11": {
				"size": 0.19,
				"color": { "red": 255, "green": 0, "blue": 0, "alpha": 175 },
				"state": 0,
				"pattern": [ 350, 50, 150, 50, 350 ]
			},
	
			"12": {
				"size": 0.19,
				"color": { "red": 255, "green": 0, "blue": 0, "alpha": 175 },
				"state": 0,
				"pattern": [ 350, 50, 150, 50, 350 ]
			},
	
			"13": {
				"size": 0.19,
				"color": { "red": 255, "green": 0, "blue": 0, "alpha": 175 },
				"state": 0,
				"pattern": [ 300, 50, 250, 50, 300 ]
			},
	
			"14": {
				"size": 0.19,
				"color": { "red": 255, "green": 0, "blue": 0, "alpha": 175 },
				"state": 0,
				"pattern": [ 300, 50, 250, 50, 300 ]
			},
	
			"15": {
				"size": 0.19,
				"color": { "red": 255, "green": 0, "blue": 0, "alpha": 175 },
				"state": 0,
				"pattern": [ 250, 50, 350, 50, 250 ]
			},
	
			"16": {
				"size": 0.19,
				"color": { "red": 255, "green": 0, "blue": 0, "alpha": 175 },
				"state": 0,
				"pattern": [ 200, 50, 450, 50, 200 ]
			},
	
			"17": {
				"size": 0.19,
				"color": { "red": 255, "green": 0, "blue": 0, "alpha": 175 },
				"state": 0,
				"pattern": [ 200, 50, 450, 50, 200 ]
			},
	
			"18": {
				"size": 0.19,
				"color": { "red": 255, "green": 0, "blue": 0, "alpha": 175 },
				"state": 0,
				"pattern": [ 200, 50, 450, 50, 200 ]
			},
	
			"19": {
				"size": 0.19,
				"color": { "red": 2, "green": 96, "blue": 255, "alpha": 175 },
				"state": 0,
				"pattern": [ 150, 50, 550, 50, 150 ]
			},
	
			"20": {
				"size": 0.19,
				"color": { "red": 2, "green": 96, "blue": 255, "alpha": 175 },
				"state": 0,
				"pattern": [ 150, 50, 550, 50, 150 ]
			},
	
			"21": {
				"size": 0.19,
				"color": {  "red": 2, "green": 96, "blue": 255, "alpha": 175 },
				"state": 0,
				"pattern": [ 150, 50, 550, 50, 150 ]
			},
			
			"22": {
				"size": 0.19,
				"color": {  "red": 2, "green": 96, "blue": 255, "alpha": 175 },
				"state": 0,
				"pattern": [ 100, 50, 650, 50, 100 ]
			},
	
			"23": {
				"size": 0.19,
				"color": {  "red": 2, "green": 96, "blue": 255, "alpha": 175 },
				"state": 0,
				"pattern": [ 50, 50, 750, 50, 50 ]
			},
	
			"24": {
				"size": 0.19,
				"color": {  "red": 2, "green": 96, "blue": 255, "alpha": 175 },
				"state": 0,
				"pattern": [ 50, 50, 750, 50, 50  ]
			},
	
			"25": {
				"size": 0.19,
				"color": {  "red": 2, "green": 96, "blue": 255, "alpha": 175 },
				"state": 0,
				"pattern": [ 0, 50, 900 ]
			},
	
			"26": {
				"size": 0.19,
				"color": {  "red": 2, "green": 96, "blue": 255, "alpha": 175 },
				"state": 0,
				"pattern": [ 0, 50, 900 ]
			},
	
			"27": {
				"size": 0.19,
				"color": {  "red": 2, "green": 96, "blue": 255, "alpha": 175 },
				"state": 0,
				"pattern": [ 0, 50, 900 ]
			},
	
			"28": {
				"size": 0.19,
				"color": {  "red": 2, "green": 96, "blue": 255, "alpha": 175  },
				"state": 0,
				"pattern": [ 0, 50, 900 ]
			},
	
			"29": {
				"size": 0.19,
				"color": {  "red": 2, "green": 96, "blue": 255, "alpha": 175 },
				"state": 0,
				"pattern": [ 0, 50, 900 ]
			},
	
			"30": {
				"size": 0.19,
				"color": {  "red": 2, "green": 96, "blue": 255, "alpha": 175 },
				"state": 0,
				"pattern": [ 0, 50, 900 ]
			},
	
			"31": {
				"size": 0.19,
				"color": {  "red": 2, "green": 96, "blue": 255, "alpha": 175 },
				"state": 0,
				"pattern": [ 50, 50, 750, 50, 50 ]
			},
	
			"32": {
				"size": 0.19,
				"color": {  "red": 2, "green": 96, "blue": 255, "alpha": 175 },
				"state": 0,
				"pattern": [ 50, 50, 750, 50, 50 ]
			},
	
			"33": {
				"size": 0.19,
				"color": {  "red": 2, "green": 96, "blue": 255, "alpha": 175 },
				"state": 0,
				"pattern": [ 100, 50, 650, 50, 100 ]
			},
	
			"34": {
				"size": 0.19,
				"color": {  "red": 2, "green": 96, "blue": 255, "alpha": 175 },
				"state": 0,
				"pattern": [ 150, 50, 550, 50, 150 ]
			},
	
			"35": {
				"size": 0.19,
				"color": {  "red": 2, "green": 96, "blue": 255, "alpha": 175 },
				"state": 0,
				"pattern": [ 150, 50, 550, 50, 150 ]
			},
	
			"36": {
				"size": 0.19,
				"color": {  "red": 2, "green": 96, "blue": 255, "alpha": 175 },
				"state": 0,
				"pattern": [ 150, 50, 550, 50, 150 ]
			}
		},

		"Режим-3 ДПС": null,
		"5": {
			"1": {
				"size": 0.19,
				"color": { "red": 255, "green": 0, "blue": 0, "alpha": 175  },
				"state": 0,
				"pattern": [ 0, 50, 450 ]
			},
	
			"2": {
				"size": 0.19,
				"color": { "red": 255, "green": 0, "blue": 0, "alpha": 175 },
				"state": 0,
				"pattern": [ 0, 50, 450 ]
			},
	
			"3": {
				"size": 0.19,
				"color": { "red": 255, "green": 0, "blue": 0, "alpha": 175 },
				"state": 0,
				"pattern": [ 0, 50, 450 ]
			},
	
			"4": {
				"size": 0.19,
				"color": { "red": 255, "green": 0, "blue": 0, "alpha": 175  },
				"state": 0,
				"pattern": [ 50, 50, 400 ]
			},
	
			"5": {
				"size": 0.19,
				"color": { "red": 255, "green": 0, "blue": 0, "alpha": 175 },
				"state": 0,
				"pattern": [ 100, 50, 350 ]
			},
	
			"6": {
				"size": 0.19,
				"color": { "red": 255, "green": 0, "blue": 0, "alpha": 175  },
				"state": 0,
				"pattern": [ 100, 50, 350 ]
			},
	
			"7": {
				"size": 0.19,
				"color": { "red": 255, "green": 0, "blue": 0, "alpha": 175 },
				"state": 0,
				"pattern": [ 150, 50, 300 ]
			},
	
			"8": {
				"size": 0.19,
				"color": { "red": 255, "green": 0, "blue": 0, "alpha": 175 },
				"state": 0,
				"pattern": [ 150, 50, 300 ]
			},
	
			"9": {
				"size": 0.19,
				"color": { "red": 255, "green": 0, "blue": 0, "alpha": 175 },
				"state": 0,
				"pattern": [ 150, 50, 300 ]
			},
			
			"10": {
				"size": 0.19,
				"color": { "red": 255, "green": 0, "blue": 0, "alpha": 175  },
				"state": 0,
				"pattern": [ 200, 50, 250 ]
			},
	
			"11": {
				"size": 0.19,
				"color": { "red": 255, "green": 0, "blue": 0, "alpha": 175 },
				"state": 0,
				"pattern": [ 200, 50, 250 ]
			},
	
			"12": {
				"size": 0.19,
				"color": { "red": 255, "green": 0, "blue": 0, "alpha": 175 },
				"state": 0,
				"pattern": [ 200, 50, 250 ]
			},
	
			"13": {
				"size": 0.19,
				"color": { "red": 255, "green": 0, "blue": 0, "alpha": 175 },
				"state": 0,
				"pattern": [ 250, 50, 200 ]
			},
	
			"14": {
				"size": 0.19,
				"color": { "red": 255, "green": 0, "blue": 0, "alpha": 175 },
				"state": 0,
				"pattern": [ 250, 50, 200 ]
			},
	
			"15": {
				"size": 0.19,
				"color": { "red": 255, "green": 0, "blue": 0, "alpha": 175 },
				"state": 0,
				"pattern": [ 300, 50, 150 ]
			},
	
			"16": {
				"size": 0.19,
				"color": { "red": 255, "green": 0, "blue": 0, "alpha": 175 },
				"state": 0,
				"pattern": [ 350, 50, 100 ]
			},
	
			"17": {
				"size": 0.19,
				"color": { "red": 255, "green": 0, "blue": 0, "alpha": 175 },
				"state": 0,
				"pattern": [ 350, 50, 100 ]
			},
	
			"18": {
				"size": 0.19,
				"color": { "red": 255, "green": 0, "blue": 0, "alpha": 175 },
				"state": 0,
				"pattern": [ 350, 50, 100 ]
			},
	
			"19": {
				"size": 0.19,
				"color": { "red": 2, "green": 96, "blue": 255, "alpha": 175 },
				"state": 0,
				"pattern": [ 0, 50, 450 ]
			},
	
			"20": {
				"size": 0.19,
				"color": { "red": 2, "green": 96, "blue": 255, "alpha": 175 },
				"state": 0,
				"pattern": [ 0, 50, 450 ]
			},
	
			"21": {
				"size": 0.19,
				"color": {  "red": 2, "green": 96, "blue": 255, "alpha": 175 },
				"state": 0,
				"pattern": [ 0, 50, 450 ]
			},
			
			"22": {
				"size": 0.19,
				"color": {  "red": 2, "green": 96, "blue": 255, "alpha": 175 },
				"state": 0,
				"pattern": [ 50, 50, 400 ]
			},
	
			"23": {
				"size": 0.19,
				"color": {  "red": 2, "green": 96, "blue": 255, "alpha": 175 },
				"state": 0,
				"pattern": [ 100, 50, 350 ]
			},
	
			"24": {
				"size": 0.19,
				"color": {  "red": 2, "green": 96, "blue": 255, "alpha": 175 },
				"state": 0,
				"pattern": [ 100, 50, 350 ]
			},
	
			"25": {
				"size": 0.19,
				"color": {  "red": 2, "green": 96, "blue": 255, "alpha": 175 },
				"state": 0,
				"pattern": [ 150, 50, 300 ]
			},
	
			"26": {
				"size": 0.19,
				"color": {  "red": 2, "green": 96, "blue": 255, "alpha": 175 },
				"state": 0,
				"pattern": [ 150, 50, 300 ]
			},
	
			"27": {
				"size": 0.19,
				"color": {  "red": 2, "green": 96, "blue": 255, "alpha": 175 },
				"state": 0,
				"pattern": [ 150, 50, 300 ]
			},
	
			"28": {
				"size": 0.19,
				"color": {  "red": 2, "green": 96, "blue": 255, "alpha": 175  },
				"state": 0,
				"pattern": [ 200, 50, 250 ]
			},
	
			"29": {
				"size": 0.19,
				"color": {  "red": 2, "green": 96, "blue": 255, "alpha": 175 },
				"state": 0,
				"pattern": [ 200, 50, 250 ]
			},
	
			"30": {
				"size": 0.19,
				"color": {  "red": 2, "green": 96, "blue": 255, "alpha": 175 },
				"state": 0,
				"pattern": [ 200, 50, 250 ]
			},
	
			"31": {
				"size": 0.19,
				"color": {  "red": 2, "green": 96, "blue": 255, "alpha": 175 },
				"state": 0,
				"pattern": [ 250, 50, 200 ]
			},
	
			"32": {
				"size": 0.19,
				"color": {  "red": 2, "green": 96, "blue": 255, "alpha": 175 },
				"state": 0,
				"pattern": [ 250, 50, 200 ]
			},
	
			"33": {
				"size": 0.19,
				"color": {  "red": 2, "green": 96, "blue": 255, "alpha": 175 },
				"state": 0,
				"pattern": [ 300, 50, 150 ]
			},
	
			"34": {
				"size": 0.19,
				"color": {  "red": 2, "green": 96, "blue": 255, "alpha": 175 },
				"state": 0,
				"pattern": [ 350, 50, 100 ]
			},
	
			"35": {
				"size": 0.19,
				"color": {  "red": 2, "green": 96, "blue": 255, "alpha": 175 },
				"state": 0,
				"pattern": [ 350, 50, 100 ]
			},
	
			"36": {
				"size": 0.19,
				"color": {  "red": 2, "green": 96, "blue": 255, "alpha": 175 },
				"state": 0,
				"pattern": [ 350, 50, 100 ]

			}
		},

		"Режим-4 ДПС": null,
		"6": {
			"1": {
				"size": 0.19,
				"color": { "red": 255, "green": 0, "blue": 0, "alpha": 175  },
				"state": 0,
				"pattern": [ 0, 50, 450 ]
			},
	
			"2": {
				"size": 0.19,
				"color": { "red": 255, "green": 0, "blue": 0, "alpha": 175 },
				"state": 0,
				"pattern": [ 0, 50, 450 ]
			},
	
			"3": {
				"size": 0.19,
				"color": { "red": 255, "green": 0, "blue": 0, "alpha": 175 },
				"state": 0,
				"pattern": [ 0, 50, 450 ]
			},
	
			"4": {
				"size": 0.19,
				"color": { "red": 255, "green": 0, "blue": 0, "alpha": 175  },
				"state": 0,
				"pattern": [ 50, 50, 400 ]
			},
	
			"5": {
				"size": 0.19,
				"color": { "red": 255, "green": 0, "blue": 0, "alpha": 175 },
				"state": 0,
				"pattern": [ 50, 50, 400 ]
			},
	
			"6": {
				"size": 0.19,
				"color": { "red": 255, "green": 0, "blue": 0, "alpha": 175  },
				"state": 0,
				"pattern": [ 100, 50, 350 ]
			},
	
			"7": {
				"size": 0.19,
				"color": { "red": 255, "green": 0, "blue": 0, "alpha": 175 },
				"state": 0,
				"pattern": [ 100, 50, 350 ]
			},
	
			"8": {
				"size": 0.19,
				"color": { "red": 255, "green": 0, "blue": 0, "alpha": 175 },
				"state": 0,
				"pattern": [ 100, 50, 350 ]
			},
	
			"9": {
				"size": 0.19,
				"color": { "red": 255, "green": 0, "blue": 0, "alpha": 175 },
				"state": 0,
				"pattern": [ 100, 50, 350 ]
			},
			
			"10": {
				"size": 0.19,
				"color": { "red": 255, "green": 0, "blue": 0, "alpha": 175  },
				"state": 0,
				"pattern": [ 150, 50, 300 ]
			},
	
			"11": {
				"size": 0.19,
				"color": { "red": 255, "green": 0, "blue": 0, "alpha": 175 },
				"state": 0,
				"pattern": [ 150, 50, 300 ]
			},
	
			"12": {
				"size": 0.19,
				"color": { "red": 255, "green": 0, "blue": 0, "alpha": 175 },
				"state": 0,
				"pattern": [ 150, 50, 300 ]
			},
	
			"13": {
				"size": 0.19,
				"color": { "red": 255, "green": 0, "blue": 0, "alpha": 175 },
				"state": 0,
				"pattern": [ 150, 50, 300 ]
			},
	
			"14": {
				"size": 0.19,
				"color": { "red": 255, "green": 0, "blue": 0, "alpha": 175 },
				"state": 0,
				"pattern": [ 200, 50, 250 ]
			},
	
			"15": {
				"size": 0.19,
				"color": { "red": 255, "green": 0, "blue": 0, "alpha": 175 },
				"state": 0,
				"pattern": [ 200, 50, 250 ]
			},
	
			"16": {
				"size": 0.19,
				"color": { "red": 255, "green": 0, "blue": 0, "alpha": 175 },
				"state": 0,
				"pattern": [ 250, 50, 200 ]
			},
	
			"17": {
				"size": 0.19,
				"color": { "red": 255, "green": 0, "blue": 0, "alpha": 175 },
				"state": 0,
				"pattern": [ 250, 50, 200 ]
			},
	
			"18": {
				"size": 0.19,
				"color": { "red": 255, "green": 0, "blue": 0, "alpha": 175 },
				"state": 0,
				"pattern": [ 250, 50, 200 ]
			},
	
			"19": {
				"size": 0.19,
				"color": { "red": 2, "green": 96, "blue": 255, "alpha": 175 },
				"state": 0,
				"pattern": [ 300, 50, 150 ]
			},
	
			"20": {
				"size": 0.19,
				"color": { "red": 2, "green": 96, "blue": 255, "alpha": 175 },
				"state": 0,
				"pattern": [ 300, 50, 150 ]
			},
	
			"21": {
				"size": 0.19,
				"color": {  "red": 2, "green": 96, "blue": 255, "alpha": 175 },
				"state": 0,
				"pattern": [ 300, 50, 150 ]
			},
			
			"22": {
				"size": 0.19,
				"color": {  "red": 2, "green": 96, "blue": 255, "alpha": 175 },
				"state": 0,
				"pattern": [ 350, 50, 100 ]
			},
	
			"23": {
				"size": 0.19,
				"color": {  "red": 2, "green": 96, "blue": 255, "alpha": 175 },
				"state": 0,
				"pattern": [ 350, 50, 100 ]
			},
	
			"24": {
				"size": 0.19,
				"color": {  "red": 2, "green": 96, "blue": 255, "alpha": 175 },
				"state": 0,
				"pattern": [ 400, 50, 50 ]
			},
	
			"25": {
				"size": 0.19,
				"color": {  "red": 2, "green": 96, "blue": 255, "alpha": 175 },
				"state": 0,
				"pattern": [ 400, 50, 50 ]
			},
	
			"26": {
				"size": 0.19,
				"color": {  "red": 2, "green": 96, "blue": 255, "alpha": 175 },
				"state": 0,
				"pattern": [ 400, 50, 50 ]
			},
	
			"27": {
				"size": 0.19,
				"color": {  "red": 2, "green": 96, "blue": 255, "alpha": 175 },
				"state": 0,
				"pattern": [ 400, 50, 50 ]
			},
	
			"28": {
				"size": 0.19,
				"color": {  "red": 2, "green": 96, "blue": 255, "alpha": 175  },
				"state": 0,
				"pattern": [ 450, 50 ]
			},
	
			"29": {
				"size": 0.19,
				"color": {  "red": 2, "green": 96, "blue": 255, "alpha": 175 },
				"state": 0,
				"pattern": [ 450, 50 ]
			},
	
			"30": {
				"size": 0.19,
				"color": {  "red": 2, "green": 96, "blue": 255, "alpha": 175 },
				"state": 0,
				"pattern": [ 450, 50 ]
			},
	
			"31": {
				"size": 0.19,
				"color": {  "red": 2, "green": 96, "blue": 255, "alpha": 175 },
				"state": 0,
				"pattern": [ 450, 50 ]
			},
	
			"32": {
				"size": 0.19,
				"color": {  "red": 2, "green": 96, "blue": 255, "alpha": 175 },
				"state": 0,
				"pattern": [ 0, 50, 450 ]
			},
	
			"33": {
				"size": 0.19,
				"color": {  "red": 2, "green": 96, "blue": 255, "alpha": 175 },
				"state": 0,
				"pattern": [ 0, 50, 450 ]
			},
	
			"34": {
				"size": 0.19,
				"color": {  "red": 2, "green": 96, "blue": 255, "alpha": 175 },
				"state": 0,
				"pattern": [ 50, 50, 400 ]
			},
	
			"35": {
				"size": 0.19,
				"color": {  "red": 2, "green": 96, "blue": 255, "alpha": 175 },
				"state": 0,
				"pattern": [ 50, 50, 400 ]
			},
	
			"36": {
				"size": 0.19,
				"color": {  "red": 2, "green": 96, "blue": 255, "alpha": 175 },
				"state": 0,
				"pattern": [ 50, 50, 400 ]
			}
		},

	"горячая клавиша МВД": null,
	"7": {
		   "1": {
		        "size": 0.19,
				"color": { "red": 2, "green": 96, "blue": 255, "alpha": 175  },
				"state": 1,
				"pattern": [ 50, 50, 50, 50, 50, 300  ]
			},
	
			"2": {
				"size": 0.19,
				"color": { "red": 2, "green": 96, "blue": 255, "alpha": 175 },
				"state": 1,
				"pattern": [ 50, 50, 50, 50, 50, 300  ]
			},
	
			"3": {
				"size": 0.19,
				"color": { "red": 2, "green": 96, "blue": 255, "alpha": 175 },
				"state": 1,
				"pattern": [ 50, 50, 50, 50, 50, 300  ]
			},
	
			"4": {
				"size": 0.19,
				"color": { "red": 2, "green": 96, "blue": 255, "alpha": 175  },
				"state": 1,
				"pattern": [ 50, 50, 50, 50, 50, 300  ]
			},
	
			"5": {
				"size": 0.19,
				"color": { "red": 2, "green": 96, "blue": 255, "alpha": 175 },
				"state": 1,
				"pattern": [ 50, 50, 50, 50, 50, 300  ]
			},
	
			"6": {
				"size": 0.19,
				"color": { "red": 2, "green": 96, "blue": 255, "alpha": 175  },
				"state": 1,
				"pattern": [ 50, 50, 50, 50, 50, 300  ]
			},
	
			"7": {
				"size": 0.19,
				"color": { "red": 2, "green": 96, "blue": 255, "alpha": 175 },
				"state": 1,
				"pattern": [ 50, 50, 50, 50, 50, 300  ]
			},
	
			"8": {
				"size": 0.19,
				"color": { "red": 2, "green": 96, "blue": 255, "alpha": 175 },
				"state": 1,
				"pattern": [ 50, 50, 50, 50, 50, 300  ]
			},
	
			"9": {
				"size": 0.19,
				"color": { "red": 2, "green": 96, "blue": 255, "alpha": 175 },
				"state": 1,
				"pattern": [ 50, 50, 50, 50, 50, 300  ]
			},
			
			"10": {
				"size": 0.19,
				"color": { "red": 2, "green": 96, "blue": 255, "alpha": 175  },
				"state": 0,
				"pattern": [ 300, 50, 50, 50, 50, 50  ]
			},
	
			"11": {
				"size": 0.19,
				"color": { "red": 2, "green": 96, "blue": 255, "alpha": 175 },
				"state": 0,
				"pattern": [ 300, 50, 50, 50, 50, 50  ]
			},
	
			"12": {
				"size": 0.19,
				"color": { "red": 2, "green": 96, "blue": 255, "alpha": 175 },
				"state": 0,
				"pattern": [ 300, 50, 50, 50, 50, 50  ]
			},
	
			"13": {
				"size": 0.19,
				"color": { "red": 2, "green": 96, "blue": 255, "alpha": 175 },
				"state": 0,
				"pattern": [ 300, 50, 50, 50, 50, 50  ]
			},
	
			"14": {
				"size": 0.19,
				"color": { "red": 2, "green": 96, "blue": 255, "alpha": 175 },
				"state": 0,
				"pattern": [ 300, 50, 50, 50, 50, 50  ]
			},
	
			"15": {
				"size": 0.19,
				"color": { "red": 2, "green": 96, "blue": 255, "alpha": 175 },
				"state": 0,
				"pattern": [ 300, 50, 50, 50, 50, 50  ]
			},
	
			"16": {
				"size": 0.19,
				"color": { "red": 2, "green": 96, "blue": 255, "alpha": 175 },
				"state": 0,
				"pattern": [ 300, 50, 50, 50, 50, 50  ]
			},
	
			"17": {
				"size": 0.19,
				"color": { "red": 2, "green": 96, "blue": 255, "alpha": 175 },
				"state": 0,
				"pattern": [ 300, 50, 50, 50, 50, 50  ]
			},
	
			"18": {
				"size": 0.19,
				"color": { "red": 2, "green": 96, "blue": 255, "alpha": 175 },
				"state": 0,
				"pattern": [ 300, 50, 50, 50, 50, 50  ]
			},
	
			"19": {
				"size": 0.19,
				"color": { "red": 2, "green": 96, "blue": 255, "alpha": 175 },
				"state": 1,
				"pattern": [ 50, 50, 50, 50, 50, 300  ]
			},
	
			"20": {
				"size": 0.19,
				"color": { "red": 2, "green": 96, "blue": 255, "alpha": 175 },
				"state": 1,
				"pattern": [ 50, 50, 50, 50, 50, 300  ]
			},
	
			"21": {
				"size": 0.19,
				"color": {  "red": 2, "green": 96, "blue": 255, "alpha": 175 },
				"state": 1,
				"pattern": [ 50, 50, 50, 50, 50, 300  ]
			},
			
			"22": {
				"size": 0.19,
				"color": {  "red": 2, "green": 96, "blue": 255, "alpha": 175 },
				"state": 1,
				"pattern": [ 50, 50, 50, 50, 50, 300  ]
			},
	
			"23": {
				"size": 0.19,
				"color": {  "red": 2, "green": 96, "blue": 255, "alpha": 175 },
				"state": 1,
				"pattern": [ 50, 50, 50, 50, 50, 300  ]
			},
	
			"24": {
				"size": 0.19,
				"color": {  "red": 2, "green": 96, "blue": 255, "alpha": 175 },
				"state": 1,
				"pattern": [ 50, 50, 50, 50, 50, 300  ]
			},
	
			"25": {
				"size": 0.19,
				"color": {  "red": 2, "green": 96, "blue": 255, "alpha": 175 },
				"state": 1,
				"pattern": [ 50, 50, 50, 50, 50, 300  ]
			},
	
			"26": {
				"size": 0.19,
				"color": {  "red": 2, "green": 96, "blue": 255, "alpha": 175 },
				"state": 1,
				"pattern": [ 50, 50, 50, 50, 50, 300  ]
			},
	
			"27": {
				"size": 0.19,
				"color": {  "red": 2, "green": 96, "blue": 255, "alpha": 175 },
				"state": 1,
				"pattern": [ 50, 50, 50, 50, 50, 300  ]
			},
	
			"28": {
				"size": 0.19,
				"color": {  "red": 2, "green": 96, "blue": 255, "alpha": 175  },
				"state": 0,
				"pattern": [ 300, 50, 50, 50, 50, 50  ]
			},
	
			"29": {
				"size": 0.19,
				"color": {  "red": 2, "green": 96, "blue": 255, "alpha": 175 },
				"state": 0,
				"pattern": [ 300, 50, 50, 50, 50, 50  ]
			},
	
			"30": {
				"size": 0.19,
				"color": {  "red": 2, "green": 96, "blue": 255, "alpha": 175 },
				"state": 0,
				"pattern": [ 300, 50, 50, 50, 50, 50  ]
			},
	
			"31": {
				"size": 0.19,
				"color": {  "red": 2, "green": 96, "blue": 255, "alpha": 175 },
				"state": 0,
				"pattern": [ 300, 50, 50, 50, 50, 50  ]
			},

			"32": {
				"size": 0.19,
				"color": {  "red": 2, "green": 96, "blue": 255, "alpha": 175 },
				"state": 0,
				"pattern": [ 300, 50, 50, 50, 50, 50  ]
			},
	
			"33": {
				"size": 0.19,
				"color": {  "red": 2, "green": 96, "blue": 255, "alpha": 175 },
				"state": 0,
				"pattern": [ 300, 50, 50, 50, 50, 50  ]
			},
			
			"34": {
				"size": 0.19,
				"color": {  "red": 2, "green": 96, "blue": 255, "alpha": 175 },
				"state": 0,
				"pattern": [ 300, 50, 50, 50, 50, 50  ]
			},
	
			"35": {
				"size": 0.19,
				"color": {  "red": 2, "green": 96, "blue": 255, "alpha": 175 },
				"state": 0,
				"pattern": [ 300, 50, 50, 50, 50, 50  ]
			},
	
			"36": {
				"size": 0.19,
				"color": {  "red": 2, "green": 96, "blue": 255, "alpha": 175 },
				"state": 0,
				"pattern": [ 300, 50, 50, 50, 50, 50  ]
			}
		},
			"вперед-назад МВД": null,
			"9": {
				"1": {
				"size": 0.19,
				"color": { "red": 2, "green": 96, "blue": 255, "alpha": 175  },
				"state": 1,
				"pattern": [ 50, 50, 50, 50, 50, 300 ]
				},
		
				"2": {
				"size": 0.19,
				"color": { "red": 2, "green": 96, "blue": 255, "alpha": 175 },
				"state": 1,
				"pattern": [ 50, 50, 50, 50, 50, 300 ]
				},
		
				"3": {
				"size": 0.19,
				"color": { "red": 2, "green": 96, "blue": 255, "alpha": 175 },
				"state": 1,
				"pattern": [ 50, 50, 50, 50, 50, 300 ]
				},
		
				"4": {
				"size": 0.19,
				"color": { "red": 2, "green": 96, "blue": 255, "alpha": 175  },
				"state": 1,
				"pattern": [ 50, 50, 50, 50, 50, 300 ]
				},
		
				"5": {
				"size": 0.19,
				"color": { "red": 2, "green": 96, "blue": 255, "alpha": 175 },
				"state": 1,
				"pattern": [ 50, 50, 50, 50, 50, 300 ]
				},
		
				"6": {
				"size": 0.19,
				"color": { "red": 2, "green": 96, "blue": 255, "alpha": 175  },
				"state": 1,
				"pattern": [ 50, 50, 50, 50, 50, 300 ]
				},
		
				"7": {
				"size": 0.19,
				"color": { "red": 2, "green": 96, "blue": 255, "alpha": 175 },
				"state": 1,
				"pattern": [ 50, 50, 50, 50, 50, 300 ]
				},
		
				"8": {
				"size": 0.19,
				"color": { "red": 2, "green": 96, "blue": 255, "alpha": 175 },
				"state": 1,
				"pattern": [ 50, 50, 50, 50, 50, 300 ]
				},
		
				"9": {
				"size": 0.19,
				"color": { "red": 2, "green": 96, "blue": 255, "alpha": 175 },
				"state": 1,
				"pattern": [ 50, 50, 50, 50, 50, 300 ]
				},
				
				"10": {
				"size": 0.19,
				"color": { "red": 2, "green": 96, "blue": 255, "alpha": 175  },
				"state": 1,
				"pattern": [ 50, 50, 50, 50, 50, 300 ]
				},
		
				"11": {
				"size": 0.19,
				"color": { "red": 2, "green": 96, "blue": 255, "alpha": 175 },
				"state": 0,
				"pattern": [ 300, 50, 50, 50, 50, 50  ]
				},
		
				"12": {
				"size": 0.19,
				"color": { "red": 2, "green": 96, "blue": 255, "alpha": 175 },
				"state": 0,
				"pattern": [ 300, 50, 50, 50, 50, 50  ]
				},
		
				"13": {
				"size": 0.19,
				"color": { "red": 2, "green": 96, "blue": 255, "alpha": 175 },
				"state": 0,
				"pattern": [ 300, 50, 50, 50, 50, 50  ]
				},
		
				"14": {
					"size": 0.19,
					"color": { "red": 2, "green": 96, "blue": 255, "alpha": 175 },
					"state": 0,
					"pattern": [ 300, 50, 50, 50, 50, 50  ]
				},
		
				"15": {
					"size": 0.19,
					"color": { "red": 2, "green": 96, "blue": 255, "alpha": 175 },
					"state": 0,
					"pattern": [ 300, 50, 50, 50, 50, 50  ]
				},
		
				"16": {
					"size": 0.19,
					"color": { "red": 2, "green": 96, "blue": 255, "alpha": 175 },
					"state": 0,
					"pattern": [ 300, 50, 50, 50, 50, 50  ]
				},
		
				"17": {
					"size": 0.19,
					"color": { "red": 2, "green": 96, "blue": 255, "alpha": 175 },
					"state": 0,
					"pattern": [ 300, 50, 50, 50, 50, 50  ]
				},
		
				"18": {
					"size": 0.19,
					"color": { "red": 2, "green": 96, "blue": 255, "alpha": 175 },
					"state": 0,
					"pattern": [ 300, 50, 50, 50, 50, 50  ]
				},
		
				"19": {
					"size": 0.19,
					"color": { "red": 2, "green": 96, "blue": 255, "alpha": 175 },
					"state": 0,
					"pattern": [ 300, 50, 50, 50, 50, 50  ]
				},
		
				"20": {
					"size": 0.19,
					"color": { "red": 2, "green": 96, "blue": 255, "alpha": 175 },
					"state": 0,
					"pattern": [ 300, 50, 50, 50, 50, 50  ]
				},
		
				"21": {
					"size": 0.19,
					"color": {  "red": 2, "green": 96, "blue": 255, "alpha": 175 },
					"state": 0,
					"pattern": [ 300, 50, 50, 50, 50, 50  ]
				},
				
				"22": {
					"size": 0.19,
					"color": {  "red": 2, "green": 96, "blue": 255, "alpha": 175 },
					"state": 0,
					"pattern": [ 300, 50, 50, 50, 50, 50  ]
				},
		
				"23": {
					"size": 0.19,
					"color": {  "red": 2, "green": 96, "blue": 255, "alpha": 175 },
					"state": 0,
					"pattern": [ 300, 50, 50, 50, 50, 50  ]
				},
		
				"24": {
					"size": 0.19,
					"color": {  "red": 2, "green": 96, "blue": 255, "alpha": 175 },
					"state": 0,
					"pattern": [ 300, 50, 50, 50, 50, 50  ]
				},
		
				"25": {
					"size": 0.19,
					"color": {  "red": 2, "green": 96, "blue": 255, "alpha": 175 },
					"state": 0,
					"pattern": [ 300, 50, 50, 50, 50, 50  ]
				},
		
				"26": {
					"size": 0.19,
					"color": {  "red": 2, "green": 96, "blue": 255, "alpha": 175 },
					"state": 0,
						"pattern": [ 300, 50, 50, 50, 50, 50  ]
				},
		
				"27": {
					"size": 0.19,
					"color": {  "red": 2, "green": 96, "blue": 255, "alpha": 175 },
					"state": 0,
					"pattern": [ 300, 50, 50, 50, 50, 50  ]
				},
		
				"28": {
					"size": 0.19,
					"color": {  "red": 2, "green": 96, "blue": 255, "alpha": 175  },
					"state": 1,
					"pattern": [ 50, 50, 50, 50, 50, 300 ]
				},
		
				"29": {
					"size": 0.19,
					"color": {  "red": 2, "green": 96, "blue": 255, "alpha": 175 },
					"state": 1,
					"pattern": [ 50, 50, 50, 50, 50, 300 ]
				},
		
				"30": {
					"size": 0.19,
					"color": {  "red": 2, "green": 96, "blue": 255, "alpha": 175 },
					"state": 1,
					"pattern": [ 50, 50, 50, 50, 50, 300 ]
				},
		
				"31": {
					"size": 0.19,
					"color": {  "red": 2, "green": 96, "blue": 255, "alpha": 175 },
					"state": 1,
					"pattern": [ 50, 50, 50, 50, 50, 300 ]
				},
		
				"32": {
					"size": 0.19,
					"color": {  "red": 2, "green": 96, "blue": 255, "alpha": 175 },
					"state": 1,
					"pattern": [ 50, 50, 50, 50, 50, 300 ]
				},
		
				"33": {
					"size": 0.19,
					"color": {  "red": 2, "green": 96, "blue": 255, "alpha": 175 },
					"state": 1,
					"pattern": [ 50, 50, 50, 50, 50, 300 ]
				},
		
				"34": {
					"size": 0.19,
					"color": {  "red": 2, "green": 96, "blue": 255, "alpha": 175 },
					"state": 1,
					"pattern": [ 50, 50, 50, 50, 50, 300 ]
				},
		
				"35": {
					"size": 0.19,
					"color": {  "red": 2, "green": 96, "blue": 255, "alpha": 175 },
					"state": 1,
					"pattern": [ 50, 50, 50, 50, 50, 300 ]
				},
		
				"36": {
					"size": 0.19,
					"color": {  "red": 2, "green": 96, "blue": 255, "alpha": 175 },
					"state": 1,
					"pattern": [ 50, 50, 50, 50, 50, 300 ]
				},

				"37": {
					"size": 0.19,
					"color": {  "red": 2, "green": 96, "blue": 255, "alpha": 175 },
					"state": 0,
					"pattern": [ 450, 450 ]
				},

				"38": {
					"size": 0.19,
					"color": {  "red": 2, "green": 96, "blue": 255, "alpha": 175 },
					"state": 1,
					"pattern": [ 450, 450 ]
				}
			},

				"лево-право МВД": null,
				"8": {
					"1": {
						"size": 0.19,
						"color": { "red": 2, "green": 96, "blue": 255, "alpha": 175  },
						"state": 1,
						"pattern": [ 50, 50, 50, 50, 50, 300 ]
					},
			
					"2": {
						"size": 0.19,
						"color": { "red": 2, "green": 96, "blue": 255, "alpha": 175 },
						"state": 1,
						"pattern": [ 50, 50, 50, 50, 50, 300 ]
					},
			
					"3": {
						"size": 0.19,
						"color": { "red": 2, "green": 96, "blue": 255, "alpha": 175 },
						"state": 1,
						"pattern": [ 50, 50, 50, 50, 50, 300 ]
					},

					"4": {
						"size": 0.19,
						"color": { "red": 2, "green": 96, "blue": 255, "alpha": 175  },
						"state": 1,
						"pattern": [ 50, 50, 50, 50, 50, 300 ]
					},
			
					"5": {
						"size": 0.19,
						"color": { "red": 2, "green": 96, "blue": 255, "alpha": 175 },
						"state": 1,
						"pattern": [ 50, 50, 50, 50, 50, 300 ]
					},
			
					"6": {
						"size": 0.19,
						"color": { "red": 2, "green": 96, "blue": 255, "alpha": 175  },
						"state": 1,
						"pattern": [ 50, 50, 50, 50, 50, 300 ]
					},
			
					"7": {
						"size": 0.19,
						"color": { "red": 2, "green": 96, "blue": 255, "alpha": 175 },
						"state": 1,
						"pattern": [ 50, 50, 50, 50, 50, 300 ]
					},
			
					"8": {
						"size": 0.19,
						"color": { "red": 2, "green": 96, "blue": 255, "alpha": 175 },
						"state": 1,
						"pattern": [ 50, 50, 50, 50, 50, 300 ]
					},
			
					"9": {
						"size": 0.19,
						"color": { "red": 2, "green": 96, "blue": 255, "alpha": 175 },
						"state": 1,
						"pattern": [ 50, 50, 50, 50, 50, 300 ]
					},
					
					"10": {
						"size": 0.19,
						"color": { "red": 2, "green": 96, "blue": 255, "alpha": 175  },
						"state": 1,
						"pattern": [ 50, 50, 50, 50, 50, 300 ]
					},
			
					"11": {
						"size": 0.19,
						"color": { "red": 2, "green": 96, "blue": 255, "alpha": 175 },
						"state": 1,
						"pattern": [ 50, 50, 50, 50, 50, 300 ]
					},
			
					"12": {
						"size": 0.19,
						"color": { "red": 2, "green": 96, "blue": 255, "alpha": 175 },
						"state": 1,
						"pattern": [ 50, 50, 50, 50, 50, 300 ]
					},
			
					"13": {
						"size": 0.19,
						"color": { "red": 2, "green": 96, "blue": 255, "alpha": 175 },
						"state": 1,
						"pattern": [ 50, 50, 50, 50, 50, 300 ]
					},
			
					"14": {
						"size": 0.19,
						"color": { "red": 2, "green": 96, "blue": 255, "alpha": 175 },
						"state": 1,
						"pattern": [ 50, 50, 50, 50, 50, 300 ]
					},
			
					"15": {
						"size": 0.19,
						"color": { "red": 2, "green": 96, "blue": 255, "alpha": 175 },
						"state": 1,
						"pattern": [ 50, 50, 50, 50, 50, 300 ]
					},
			
					"16": {
						"size": 0.19,
						"color": { "red": 2, "green": 96, "blue": 255, "alpha": 175 },
						"state": 1,
						"pattern": [ 50, 50, 50, 50, 50, 300 ]
					},
			
					"17": {
						"size": 0.19,
						"color": { "red": 2, "green": 96, "blue": 255, "alpha": 175 },
						"state": 1,
						"pattern": [ 50, 50, 50, 50, 50, 300 ]
					},
			
					"18": {
						"size": 0.19,
						"color": { "red": 2, "green": 96, "blue": 255, "alpha": 175 },
						"state": 1,
						"pattern": [ 50, 50, 50, 50, 50, 300 ]
					},
			
					"19": {
						"size": 0.19,
						"color": { "red": 2, "green": 96, "blue": 255, "alpha": 175 },
						"state": 0,
						"pattern": [ 300, 50, 50, 50, 50, 50 ]
					},
			
					"20": {
						"size": 0.19,
						"color": { "red": 2, "green": 96, "blue": 255, "alpha": 175 },
						"state": 0,
						"pattern": [ 300, 50, 50, 50, 50, 50 ]
					},
			
					"21": {
						"size": 0.19,
						"color": {  "red": 2, "green": 96, "blue": 255, "alpha": 175 },
						"state": 0,
						"pattern": [ 300, 50, 50, 50, 50, 50 ]
					},
					
					"22": {
						"size": 0.19,
						"color": {  "red": 2, "green": 96, "blue": 255, "alpha": 175 },
						"state": 0,
						"pattern": [ 300, 50, 50, 50, 50, 50 ]
					},
			
					"23": {
						"size": 0.19,
						"color": {  "red": 2, "green": 96, "blue": 255, "alpha": 175 },
						"state": 0,
						"pattern": [ 300, 50, 50, 50, 50, 50 ]
					},
			
					"24": {
						"size": 0.19,
						"color": {  "red": 2, "green": 96, "blue": 255, "alpha": 175 },
						"state": 0,
						"pattern": [ 300, 50, 50, 50, 50, 50 ]
					},
			
					"25": {
						"size": 0.19,
						"color": {  "red": 2, "green": 96, "blue": 255, "alpha": 175 },
						"state": 0,
						"pattern": [ 300, 50, 50, 50, 50, 50 ]
					},
			
					"26": {
						"size": 0.19,
						"color": {  "red": 2, "green": 96, "blue": 255, "alpha": 175 },
						"state": 0,
						"pattern": [ 300, 50, 50, 50, 50, 50 ]
					},
			
					"27": {
						"size": 0.19,
						"color": {  "red": 2, "green": 96, "blue": 255, "alpha": 175 },
						"state": 0,
						"pattern": [ 300, 50, 50, 50, 50, 50 ]
					},
			
					"28": {
						"size": 0.19,
						"color": {  "red": 2, "green": 96, "blue": 255, "alpha": 175  },
						"state": 0,
						"pattern": [ 300, 50, 50, 50, 50, 50 ]
					},
			
					"29": {
						"size": 0.19,
						"color": {  "red": 2, "green": 96, "blue": 255, "alpha": 175 },
						"state": 0,
						"pattern": [ 300, 50, 50, 50, 50, 50 ]
					},
			
					"30": {
						"size": 0.19,
						"color": {  "red": 2, "green": 96, "blue": 255, "alpha": 175 },
						"state": 0,
						"pattern": [ 300, 50, 50, 50, 50, 50 ]
					},
			
					"31": {
						"size": 0.19,
						"color": {  "red": 2, "green": 96, "blue": 255, "alpha": 175 },
						"state": 0,
						"pattern": [ 300, 50, 50, 50, 50, 50 ]
					},
			
					"32": {
						"size": 0.19,
						"color": {  "red": 2, "green": 96, "blue": 255, "alpha": 175 },
						"state": 0,
						"pattern": [ 300, 50, 50, 50, 50, 50 ]
					},
			
					"33": {
						"size": 0.19,
						"color": {  "red": 2, "green": 96, "blue": 255, "alpha": 175 },
						"state": 0,
						"pattern": [ 300, 50, 50, 50, 50, 50 ]
					},
			
					"34": {
						"size": 0.19,
						"color": {  "red": 2, "green": 96, "blue": 255, "alpha": 175 },
						"state": 0,
						"pattern": [ 300, 50, 50, 50, 50, 50 ]
					},
			
					"35": {
						"size": 0.19,
						"color": {  "red": 2, "green": 96, "blue": 255, "alpha": 175 },
						"state": 0,
						"pattern": [ 300, 50, 50, 50, 50, 50 ]
					},
			
					"36": {
						"size": 0.19,
						"color": {  "red": 2, "green": 96, "blue": 255, "alpha": 175 },
						"state": 0,
						"pattern": [ 300, 50, 50, 50, 50, 50 ]
		}
	},

		"Присутствие МВД": null,
		"10": {
			"1": {
				"size": 0.19,
				"color": { "red": 2, "green": 96, "blue": 255, "alpha": 175  },
				"state": 0,
				"pattern": [ 200, 50, 450, 50, 200 ]
			},
	
			"2": {
				"size": 0.19,
				"color": { "red": 2, "green": 96, "blue": 255, "alpha": 175 },
				"state": 0,
				"pattern": [ 200, 50, 450, 50, 200 ]
			},
	
			"3": {
				"size": 0.19,
				"color": { "red": 2, "green": 96, "blue": 255, "alpha": 175 },
				"state": 0,
				"pattern": [ 200, 50, 450, 50, 200 ]
			},
	
			"4": {
				"size": 0.19,
				"color": { "red": 2, "green": 96, "blue": 255, "alpha": 175  },
				"state": 0,
				"pattern": [ 250, 50, 350, 50, 250 ]
			},
	
			"5": {
				"size": 0.19,
				"color": { "red": 2, "green": 96, "blue": 255, "alpha": 175 },
				"state": 0,
				"pattern": [ 300, 50, 250, 50, 300 ]
			},
	
			"6": {
				"size": 0.19,
				"color": { "red": 2, "green": 96, "blue": 255, "alpha": 175  },
				"state": 0,
				"pattern": [ 300, 50, 250, 50, 300 ]
			},
	
			"7": {
				"size": 0.19,
				"color": { "red": 2, "green": 96, "blue": 255, "alpha": 175 },
				"state": 0,
				"pattern": [ 350, 50, 150, 50, 350 ]
			},
	
			"8": {
				"size": 0.19,
				"color": { "red": 2, "green": 96, "blue": 255, "alpha": 175 },
				"state": 0,
				"pattern": [ 350, 50, 150, 50, 350  ]
			},
	
			"9": {
				"size": 0.19,
				"color": { "red": 2, "green": 96, "blue": 255, "alpha": 175 },
				"state": 0,
				"pattern": [ 350, 50, 150, 50, 350  ]
			},
			
			"10": {
				"size": 0.19,
				"color": { "red": 2, "green": 96, "blue": 255, "alpha": 175  },
				"state": 0,
				"pattern": [ 350, 50, 150, 50, 350 ]
			},
	
			"11": {
				"size": 0.19,
				"color": { "red": 2, "green": 96, "blue": 255, "alpha": 175 },
				"state": 0,
				"pattern": [ 350, 50, 150, 50, 350 ]
			},
	
			"12": {
				"size": 0.19,
				"color": { "red": 2, "green": 96, "blue": 255, "alpha": 175 },
				"state": 0,
				"pattern": [ 350, 50, 150, 50, 350 ]
			},
	
			"13": {
				"size": 0.19,
				"color": { "red": 2, "green": 96, "blue": 255, "alpha": 175 },
				"state": 0,
				"pattern": [ 300, 50, 250, 50, 300 ]
			},
	
			"14": {
				"size": 0.19,
				"color": { "red": 2, "green": 96, "blue": 255, "alpha": 175 },
				"state": 0,
				"pattern": [ 300, 50, 250, 50, 300 ]
			},
	
			"15": {
				"size": 0.19,
				"color": { "red": 2, "green": 96, "blue": 255, "alpha": 175 },
				"state": 0,
				"pattern": [ 250, 50, 350, 50, 250 ]
			},
	
			"16": {
				"size": 0.19,
				"color": { "red": 2, "green": 96, "blue": 255, "alpha": 175 },
				"state": 0,
				"pattern": [ 200, 50, 450, 50, 200 ]
			},
	
			"17": {
				"size": 0.19,
				"color": { "red": 2, "green": 96, "blue": 255, "alpha": 175 },
				"state": 0,
				"pattern": [ 200, 50, 450, 50, 200 ]
			},
	
			"18": {
				"size": 0.19,
				"color": { "red": 2, "green": 96, "blue": 255, "alpha": 175 },
				"state": 0,
				"pattern": [ 200, 50, 450, 50, 200 ]
			},
	
			"19": {
				"size": 0.19,
				"color": { "red": 2, "green": 96, "blue": 255, "alpha": 175 },
				"state": 0,
				"pattern": [ 150, 50, 550, 50, 150 ]
			},
	
			"20": {
				"size": 0.19,
				"color": { "red": 2, "green": 96, "blue": 255, "alpha": 175 },
				"state": 0,
				"pattern": [ 150, 50, 550, 50, 150 ]
			},
	
			"21": {
				"size": 0.19,
				"color": {  "red": 2, "green": 96, "blue": 255, "alpha": 175 },
				"state": 0,
				"pattern": [ 150, 50, 550, 50, 150 ]
			},
			
			"22": {
				"size": 0.19,
				"color": {  "red": 2, "green": 96, "blue": 255, "alpha": 175 },
				"state": 0,
				"pattern": [ 100, 50, 650, 50, 100 ]
			},
	
			"23": {
				"size": 0.19,
				"color": {  "red": 2, "green": 96, "blue": 255, "alpha": 175 },
				"state": 0,
				"pattern": [ 50, 50, 750, 50, 50 ]
			},
	
			"24": {
				"size": 0.19,
				"color": {  "red": 2, "green": 96, "blue": 255, "alpha": 175 },
				"state": 0,
				"pattern": [ 50, 50, 750, 50, 50  ]
			},
	
			"25": {
				"size": 0.19,
				"color": {  "red": 2, "green": 96, "blue": 255, "alpha": 175 },
				"state": 0,
				"pattern": [ 0, 50, 900 ]
			},
	
			"26": {
				"size": 0.19,
				"color": {  "red": 2, "green": 96, "blue": 255, "alpha": 175 },
				"state": 0,
				"pattern": [ 0, 50, 900 ]
			},
	
			"27": {
				"size": 0.19,
				"color": {  "red": 2, "green": 96, "blue": 255, "alpha": 175 },
				"state": 0,
				"pattern": [ 0, 50, 900 ]
			},
	
			"28": {
				"size": 0.19,
				"color": {  "red": 2, "green": 96, "blue": 255, "alpha": 175  },
				"state": 0,
				"pattern": [ 0, 50, 900 ]
			},
	
			"29": {
				"size": 0.19,
				"color": {  "red": 2, "green": 96, "blue": 255, "alpha": 175 },
				"state": 0,
				"pattern": [ 0, 50, 900 ]
			},
	
			"30": {
				"size": 0.19,
				"color": {  "red": 2, "green": 96, "blue": 255, "alpha": 175 },
				"state": 0,
				"pattern": [ 0, 50, 900 ]
			},
	
			"31": {
				"size": 0.19,
				"color": {  "red": 2, "green": 96, "blue": 255, "alpha": 175 },
				"state": 0,
				"pattern": [ 50, 50, 750, 50, 50 ]
			},
	
			"32": {
				"size": 0.19,
				"color": {  "red": 2, "green": 96, "blue": 255, "alpha": 175 },
				"state": 0,
				"pattern": [ 50, 50, 750, 50, 50 ]
			},
	
			"33": {
				"size": 0.19,
				"color": {  "red": 2, "green": 96, "blue": 255, "alpha": 175 },
				"state": 0,
				"pattern": [ 100, 50, 650, 50, 100 ]
			},
	
			"34": {
				"size": 0.19,
				"color": {  "red": 2, "green": 96, "blue": 255, "alpha": 175 },
				"state": 0,
				"pattern": [ 150, 50, 550, 50, 150 ]
			},
	
			"35": {
				"size": 0.19,
				"color": {  "red": 2, "green": 96, "blue": 255, "alpha": 175 },
				"state": 0,
				"pattern": [ 150, 50, 550, 50, 150 ]
			},
	
			"36": {
				"size": 0.19,
				"color": {  "red": 2, "green": 96, "blue": 255, "alpha": 175 },
				"state": 0,
				"pattern": [ 150, 50, 550, 50, 150 ]
			}
		},

		"Режим-3 МВД": null,
		"11": {
			"1": {
				"size": 0.19,
				"color": { "red": 2, "green": 96, "blue": 255, "alpha": 175  },
				"state": 0,
				"pattern": [ 0, 50, 450 ]
			},
	
			"2": {
				"size": 0.19,
				"color": { "red": 2, "green": 96, "blue": 255, "alpha": 175 },
				"state": 0,
				"pattern": [ 0, 50, 450 ]
			},
	
			"3": {
				"size": 0.19,
				"color": { "red": 2, "green": 96, "blue": 255, "alpha": 175 },
				"state": 0,
				"pattern": [ 0, 50, 450 ]
			},
	
			"4": {
				"size": 0.19,
				"color": { "red": 2, "green": 96, "blue": 255, "alpha": 175  },
				"state": 0,
				"pattern": [ 50, 50, 400 ]
			},
	
			"5": {
				"size": 0.19,
				"color": { "red": 2, "green": 96, "blue": 255, "alpha": 175 },
				"state": 0,
				"pattern": [ 100, 50, 350 ]
			},
	
			"6": {
				"size": 0.19,
				"color": { "red": 2, "green": 96, "blue": 255, "alpha": 175  },
				"state": 0,
				"pattern": [ 100, 50, 350 ]
			},
	
			"7": {
				"size": 0.19,
				"color": { "red": 2, "green": 96, "blue": 255, "alpha": 175 },
				"state": 0,
				"pattern": [ 150, 50, 300 ]
			},
	
			"8": {
				"size": 0.19,
				"color": { "red": 2, "green": 96, "blue": 255, "alpha": 175 },
				"state": 0,
				"pattern": [ 150, 50, 300 ]
			},
	
			"9": {
				"size": 0.19,
				"color": { "red": 2, "green": 96, "blue": 255, "alpha": 175 },
				"state": 0,
				"pattern": [ 150, 50, 300 ]
			},
			
			"10": {
				"size": 0.19,
				"color": { "red": 2, "green": 96, "blue": 255, "alpha": 175  },
				"state": 0,
				"pattern": [ 200, 50, 250 ]
			},
	
			"11": {
				"size": 0.19,
				"color": { "red": 2, "green": 96, "blue": 255, "alpha": 175 },
				"state": 0,
				"pattern": [ 200, 50, 250 ]
			},
	
			"12": {
				"size": 0.19,
				"color": { "red": 2, "green": 96, "blue": 255, "alpha": 175 },
				"state": 0,
				"pattern": [ 200, 50, 250 ]
			},
	
			"13": {
				"size": 0.19,
				"color": { "red": 2, "green": 96, "blue": 255, "alpha": 175 },
				"state": 0,
				"pattern": [ 250, 50, 200 ]
			},
	
			"14": {
				"size": 0.19,
				"color": { "red": 2, "green": 96, "blue": 255, "alpha": 175 },
				"state": 0,
				"pattern": [ 250, 50, 200 ]
			},
	
			"15": {
				"size": 0.19,
				"color": { "red": 2, "green": 96, "blue": 255, "alpha": 175 },
				"state": 0,
				"pattern": [ 300, 50, 150 ]
			},
	
			"16": {
				"size": 0.19,
				"color": { "red": 2, "green": 96, "blue": 255, "alpha": 175 },
				"state": 0,
				"pattern": [ 350, 50, 100 ]
			},
	
			"17": {
				"size": 0.19,
				"color": { "red": 2, "green": 96, "blue": 255, "alpha": 175 },
				"state": 0,
				"pattern": [ 350, 50, 100 ]
			},
	
			"18": {
				"size": 0.19,
				"color": { "red": 2, "green": 96, "blue": 255, "alpha": 175 },
				"state": 0,
				"pattern": [ 350, 50, 100 ]
			},
	
			"19": {
				"size": 0.19,
				"color": { "red": 2, "green": 96, "blue": 255, "alpha": 175 },
				"state": 0,
				"pattern": [ 0, 50, 450 ]
			},
	
			"20": {
				"size": 0.19,
				"color": { "red": 2, "green": 96, "blue": 255, "alpha": 175 },
				"state": 0,
				"pattern": [ 0, 50, 450 ]
			},
	
			"21": {
				"size": 0.19,
				"color": {  "red": 2, "green": 96, "blue": 255, "alpha": 175 },
				"state": 0,
				"pattern": [ 0, 50, 450 ]
			},
			
			"22": {
				"size": 0.19,
				"color": {  "red": 2, "green": 96, "blue": 255, "alpha": 175 },
				"state": 0,
				"pattern": [ 50, 50, 400 ]
			},
	
			"23": {
				"size": 0.19,
				"color": {  "red": 2, "green": 96, "blue": 255, "alpha": 175 },
				"state": 0,
				"pattern": [ 100, 50, 350 ]
			},
	
			"24": {
				"size": 0.19,
				"color": {  "red": 2, "green": 96, "blue": 255, "alpha": 175 },
				"state": 0,
				"pattern": [ 100, 50, 350 ]
			},
	
			"25": {
				"size": 0.19,
				"color": {  "red": 2, "green": 96, "blue": 255, "alpha": 175 },
				"state": 0,
				"pattern": [ 150, 50, 300 ]
			},
	
			"26": {
				"size": 0.19,
				"color": {  "red": 2, "green": 96, "blue": 255, "alpha": 175 },
				"state": 0,
				"pattern": [ 150, 50, 300 ]
			},
	
			"27": {
				"size": 0.19,
				"color": {  "red": 2, "green": 96, "blue": 255, "alpha": 175 },
				"state": 0,
				"pattern": [ 150, 50, 300 ]
			},
	
			"28": {
				"size": 0.19,
				"color": {  "red": 2, "green": 96, "blue": 255, "alpha": 175  },
				"state": 0,
				"pattern": [ 200, 50, 250 ]
			},
	
			"29": {
				"size": 0.19,
				"color": {  "red": 2, "green": 96, "blue": 255, "alpha": 175 },
				"state": 0,
				"pattern": [ 200, 50, 250 ]
			},
	
			"30": {
				"size": 0.19,
				"color": {  "red": 2, "green": 96, "blue": 255, "alpha": 175 },
				"state": 0,
				"pattern": [ 200, 50, 250 ]
			},
	
			"31": {
				"size": 0.19,
				"color": {  "red": 2, "green": 96, "blue": 255, "alpha": 175 },
				"state": 0,
				"pattern": [ 250, 50, 200 ]
			},
	
			"32": {
				"size": 0.19,
				"color": {  "red": 2, "green": 96, "blue": 255, "alpha": 175 },
				"state": 0,
				"pattern": [ 250, 50, 200 ]
			},
	
			"33": {
				"size": 0.19,
				"color": {  "red": 2, "green": 96, "blue": 255, "alpha": 175 },
				"state": 0,
				"pattern": [ 300, 50, 150 ]
			},
	
			"34": {
				"size": 0.19,
				"color": {  "red": 2, "green": 96, "blue": 255, "alpha": 175 },
				"state": 0,
				"pattern": [ 350, 50, 100 ]
			},
	
			"35": {
				"size": 0.19,
				"color": {  "red": 2, "green": 96, "blue": 255, "alpha": 175 },
				"state": 0,
				"pattern": [ 350, 50, 100 ]
			},
	
			"36": {
				"size": 0.19,
				"color": {  "red": 2, "green": 96, "blue": 255, "alpha": 175 },
				"state": 0,
				"pattern": [ 350, 50, 100 ]

			}
		},

		"Режим-4 МВД": null,
		"12": {
			"1": {
				"size": 0.19,
				"color": { "red": 2, "green": 96, "blue": 255, "alpha": 175  },
				"state": 0,
				"pattern": [ 0, 50, 450 ]
			},
	
			"2": {
				"size": 0.19,
				"color": { "red": 2, "green": 96, "blue": 255, "alpha": 175 },
				"state": 0,
				"pattern": [ 0, 50, 450 ]
			},
	
			"3": {
				"size": 0.19,
				"color": { "red": 2, "green": 96, "blue": 255, "alpha": 175 },
				"state": 0,
				"pattern": [ 0, 50, 450 ]
			},
	
			"4": {
				"size": 0.19,
				"color": { "red": 2, "green": 96, "blue": 255, "alpha": 175  },
				"state": 0,
				"pattern": [ 50, 50, 400 ]
			},
	
			"5": {
				"size": 0.19,
				"color": { "red": 2, "green": 96, "blue": 255, "alpha": 175 },
				"state": 0,
				"pattern": [ 50, 50, 400 ]
			},
	
			"6": {
				"size": 0.19,
				"color": { "red": 2, "green": 96, "blue": 255, "alpha": 175  },
				"state": 0,
				"pattern": [ 100, 50, 350 ]
			},
	
			"7": {
				"size": 0.19,
				"color": { "red": 2, "green": 96, "blue": 255, "alpha": 175 },
				"state": 0,
				"pattern": [ 100, 50, 350 ]
			},
	
			"8": {
				"size": 0.19,
				"color": { "red": 2, "green": 96, "blue": 255, "alpha": 175 },
				"state": 0,
				"pattern": [ 100, 50, 350 ]
			},
	
			"9": {
				"size": 0.19,
				"color": { "red": 2, "green": 96, "blue": 255, "alpha": 175 },
				"state": 0,
				"pattern": [ 100, 50, 350 ]
			},
			
			"10": {
				"size": 0.19,
				"color": { "red": 2, "green": 96, "blue": 255, "alpha": 175  },
				"state": 0,
				"pattern": [ 150, 50, 300 ]
			},
	
			"11": {
				"size": 0.19,
				"color": { "red": 2, "green": 96, "blue": 255, "alpha": 175 },
				"state": 0,
				"pattern": [ 150, 50, 300 ]
			},
	
			"12": {
				"size": 0.19,
				"color": { "red": 2, "green": 96, "blue": 255, "alpha": 175 },
				"state": 0,
				"pattern": [ 150, 50, 300 ]
			},
	
			"13": {
				"size": 0.19,
				"color": { "red": 2, "green": 96, "blue": 255, "alpha": 175 },
				"state": 0,
				"pattern": [ 150, 50, 300 ]
			},
	
			"14": {
				"size": 0.19,
				"color": { "red": 2, "green": 96, "blue": 255, "alpha": 175 },
				"state": 0,
				"pattern": [ 200, 50, 250 ]
			},
	
			"15": {
				"size": 0.19,
				"color": { "red": 2, "green": 96, "blue": 255, "alpha": 175 },
				"state": 0,
				"pattern": [ 200, 50, 250 ]
			},
	
			"16": {
				"size": 0.19,
				"color": { "red": 2, "green": 96, "blue": 255, "alpha": 175 },
				"state": 0,
				"pattern": [ 250, 50, 200 ]
			},
	
			"17": {
				"size": 0.19,
				"color": { "red": 2, "green": 96, "blue": 255, "alpha": 175 },
				"state": 0,
				"pattern": [ 250, 50, 200 ]
			},
	
			"18": {
				"size": 0.19,
				"color": { "red": 2, "green": 96, "blue": 255, "alpha": 175 },
				"state": 0,
				"pattern": [ 250, 50, 200 ]
			},
	
			"19": {
				"size": 0.19,
				"color": { "red": 2, "green": 96, "blue": 255, "alpha": 175 },
				"state": 0,
				"pattern": [ 300, 50, 150 ]
			},
	
			"20": {
				"size": 0.19,
				"color": { "red": 2, "green": 96, "blue": 255, "alpha": 175 },
				"state": 0,
				"pattern": [ 300, 50, 150 ]
			},
	
			"21": {
				"size": 0.19,
				"color": {  "red": 2, "green": 96, "blue": 255, "alpha": 175 },
				"state": 0,
				"pattern": [ 300, 50, 150 ]
			},
			
			"22": {
				"size": 0.19,
				"color": {  "red": 2, "green": 96, "blue": 255, "alpha": 175 },
				"state": 0,
				"pattern": [ 350, 50, 100 ]
			},
	
			"23": {
				"size": 0.19,
				"color": {  "red": 2, "green": 96, "blue": 255, "alpha": 175 },
				"state": 0,
				"pattern": [ 350, 50, 100 ]
			},
	
			"24": {
				"size": 0.19,
				"color": {  "red": 2, "green": 96, "blue": 255, "alpha": 175 },
				"state": 0,
				"pattern": [ 400, 50, 50 ]
			},
	
			"25": {
				"size": 0.19,
				"color": {  "red": 2, "green": 96, "blue": 255, "alpha": 175 },
				"state": 0,
				"pattern": [ 400, 50, 50 ]
			},
	
			"26": {
				"size": 0.19,
				"color": {  "red": 2, "green": 96, "blue": 255, "alpha": 175 },
				"state": 0,
				"pattern": [ 400, 50, 50 ]
			},
	
			"27": {
				"size": 0.19,
				"color": {  "red": 2, "green": 96, "blue": 255, "alpha": 175 },
				"state": 0,
				"pattern": [ 400, 50, 50 ]
			},
	
			"28": {
				"size": 0.19,
				"color": {  "red": 2, "green": 96, "blue": 255, "alpha": 175  },
				"state": 0,
				"pattern": [ 450, 50 ]
			},
	
			"29": {
				"size": 0.19,
				"color": {  "red": 2, "green": 96, "blue": 255, "alpha": 175 },
				"state": 0,
				"pattern": [ 450, 50 ]
			},
	
			"30": {
				"size": 0.19,
				"color": {  "red": 2, "green": 96, "blue": 255, "alpha": 175 },
				"state": 0,
				"pattern": [ 450, 50 ]
			},
	
			"31": {
				"size": 0.19,
				"color": {  "red": 2, "green": 96, "blue": 255, "alpha": 175 },
				"state": 0,
				"pattern": [ 450, 50 ]
			},
	
			"32": {
				"size": 0.19,
				"color": {  "red": 2, "green": 96, "blue": 255, "alpha": 175 },
				"state": 0,
				"pattern": [ 0, 50, 450 ]
			},
	
			"33": {
				"size": 0.19,
				"color": {  "red": 2, "green": 96, "blue": 255, "alpha": 175 },
				"state": 0,
				"pattern": [ 0, 50, 450 ]
			},
	
			"34": {
				"size": 0.19,
				"color": {  "red": 2, "green": 96, "blue": 255, "alpha": 175 },
				"state": 0,
				"pattern": [ 50, 50, 400 ]
			},
	
			"35": {
				"size": 0.19,
				"color": {  "red": 2, "green": 96, "blue": 255, "alpha": 175 },
				"state": 0,
				"pattern": [ 50, 50, 400 ]
			},
	
			"36": {
				"size": 0.19,
				"color": {  "red": 2, "green": 96, "blue": 255, "alpha": 175 },
				"state": 0,
				"pattern": [ 50, 50, 400 ]
			}
		}
   }